,Happiness score,GDP_per_capita,Social_support,Healthy_life_expectancy,Freedom_to_make_life_choices,Generosity,Perceptions_of_corruption,Region
0,"(7.5, 8.0]","(1.8, 2.0]","(1.2, 1.4]","(0.6, 0.8]","(0.6, 0.8]","(0.1, 0.2]","(0.4, 0.6]",Western Europe
1,"(7.5, 8.0]","(1.8, 2.0]","(1.2, 1.4]","(0.6, 0.8]","(0.6, 0.8]","(0.1, 0.2]","(0.4, 0.6]",Western Europe
2,"(7.5, 8.0]","(1.8, 2.0]","(1.2, 1.4]","(0.8, 1.0]","(0.6, 0.8]","(0.2, 0.3]","(-0.001, 0.2]",Western Europe
3,"(7.5, 8.0]","(2.0, 2.2]","(1.2, 1.4]","(0.8, 1.0]","(0.6, 0.8]","(0.1, 0.2]","(0.4, 0.6]",Western Europe
4,"(7.0, 7.5]","(1.8, 2.0]","(1.2, 1.4]","(0.6, 0.8]","(0.6, 0.8]","(0.2, 0.3]","(0.4, 0.6]",Western Europe
5,"(7.0, 7.5]","(2.2, 2.4]","(1.0, 1.2]","(0.6, 0.8]","(0.6, 0.8]","(0.1, 0.2]","(0.2, 0.4]",Western Europe
6,"(7.0, 7.5]","(1.8, 2.0]","(1.2, 1.4]","(0.8, 1.0]","(0.6, 0.8]","(0.2, 0.3]","(0.4, 0.6]",Western Europe
7,"(7.0, 7.5]","(1.8, 2.0]","(1.2, 1.4]","(0.6, 0.8]","(0.6, 0.8]","(0.2, 0.3]","(0.4, 0.6]",Western Europe
8,"(7.0, 7.5]","(1.8, 2.0]","(1.2, 1.4]","(0.8, 1.0]","(0.4, 0.6]","(0.1, 0.2]","(-0.001, 0.2]",Middle East and North Africa
9,"(7.0, 7.5]","(1.8, 2.0]","(1.2, 1.4]","(0.6, 0.8]","(0.6, 0.8]","(0.2, 0.3]","(0.4, 0.6]",North America and ANZ
10,"(7.0, 7.5]","(1.8, 2.0]","(1.0, 1.2]","(0.6, 0.8]","(0.6, 0.8]","(0.1, 0.2]","(0.2, 0.4]",Western Europe
11,"(7.0, 7.5]","(1.8, 2.0]","(1.2, 1.4]","(0.6, 0.8]","(0.6, 0.8]","(0.2, 0.3]","(0.2, 0.4]",North America and ANZ
12,"(7.0, 7.5]","(2.0, 2.2]","(1.0, 1.2]","(0.6, 0.8]","(0.6, 0.8]","(0.1, 0.2]","(0.4, 0.6]",Western Europe
13,"(7.0, 7.5]","(1.8, 2.0]","(1.0, 1.2]","(0.6, 0.8]","(0.4, 0.6]","(0.1, 0.2]","(0.2, 0.4]",Western Europe
14,"(7.0, 7.5]","(1.8, 2.0]","(1.0, 1.2]","(0.6, 0.8]","(0.6, 0.8]","(0.2, 0.3]","(0.2, 0.4]",North America and ANZ
15,"(6.5, 7.0]","(1.8, 2.0]","(1.0, 1.2]","(0.6, 0.8]","(0.4, 0.6]","(0.2, 0.3]","(-0.001, 0.2]",North America and ANZ
16,"(6.5, 7.0]","(1.8, 2.0]","(1.0, 1.2]","(0.6, 0.8]","(0.4, 0.6]","(0.2, 0.3]","(0.2, 0.4]",Western Europe
18,"(6.5, 7.0]","(1.8, 2.0]","(1.0, 1.2]","(0.6, 0.8]","(0.4, 0.6]","(-0.001, 0.1]","(0.2, 0.4]",Western Europe
19,"(6.5, 7.0]","(1.8, 2.0]","(1.2, 1.4]","(0.8, 1.0]","(0.4, 0.6]","(-0.001, 0.1]","(0.2, 0.4]",Western Europe
20,"(6.5, 7.0]","(1.8, 2.0]","(1.0, 1.2]","(0.6, 0.8]","(0.6, 0.8]","(0.1, 0.2]","(-0.001, 0.2]",Middle East and North Africa
21,"(6.5, 7.0]","(1.8, 2.0]","(1.2, 1.4]","(0.6, 0.8]","(0.6, 0.8]","(0.1, 0.2]","(-0.001, 0.2]",Central and Eastern Europe
22,"(6.5, 7.0]","(1.4, 1.6]","(1.0, 1.2]","(0.6, 0.8]","(0.6, 0.8]","(-0.001, 0.1]","(-0.001, 0.2]",Latin America and Caribbean
23,"(6.5, 7.0]","(1.8, 2.0]","(0.8, 1.0]","(0.6, 0.8]","(0.6, 0.8]","(0.2, 0.3]","(0.2, 0.4]",Middle East and North Africa
24,"(6.5, 7.0]","(1.8, 2.0]","(1.0, 1.2]","(0.4, 0.6]","(0.6, 0.8]","(-0.001, 0.1]","(-0.001, 0.2]",Middle East and North Africa
25,"(6.5, 7.0]","(1.8, 2.0]","(1.0, 1.2]","(0.6, 0.8]","(0.4, 0.6]","(-0.001, 0.1]","(-0.001, 0.2]",East Asia
26,"(6.0, 6.5]","(2.0, 2.2]","(1.0, 1.2]","(0.8, 1.0]","(0.6, 0.8]","(0.1, 0.2]","(0.4, 0.6]",Southeast Asia
27,"(6.0, 6.5]","(1.6, 1.8]","(1.0, 1.2]","(0.6, 0.8]","(0.6, 0.8]","(-0.001, 0.1]","(-0.001, 0.2]",Central and Eastern Europe
28,"(6.0, 6.5]","(1.8, 2.0]","(1.2, 1.4]","(0.8, 1.0]","(0.4, 0.6]","(0.1, 0.2]","(-0.001, 0.2]",Western Europe
29,"(6.0, 6.5]","(1.6, 1.8]","(1.0, 1.2]","(0.6, 0.8]","(0.6, 0.8]","(0.1, 0.2]","(0.2, 0.4]",Latin America and Caribbean
30,"(6.0, 6.5]","(1.8, 2.0]","(1.0, 1.2]","(0.8, 1.0]","(0.4, 0.6]","(-0.001, 0.1]","(-0.001, 0.2]",Western Europe
31,"(6.0, 6.5]","(1.2, 1.4]","(0.8, 1.0]","(0.4, 0.6]","(0.4, 0.6]","(0.3, 0.4]","(-0.001, 0.2]",Central and Eastern Europe
32,"(6.0, 6.5]","(1.8, 2.0]","(1.0, 1.2]","(0.6, 0.8]","(0.6, 0.8]","(0.1, 0.2]","(-0.001, 0.2]",Western Europe
33,"(6.0, 6.5]","(1.8, 2.0]","(1.2, 1.4]","(0.6, 0.8]","(0.4, 0.6]","(-0.001, 0.1]","(-0.001, 0.2]",Central and Eastern Europe
34,"(6.0, 6.5]","(1.6, 1.8]","(1.2, 1.4]","(0.6, 0.8]","(0.4, 0.6]","(0.1, 0.2]","(-0.001, 0.2]",Central and Eastern Europe
35,"(6.0, 6.5]","(1.6, 1.8]","(1.2, 1.4]","(0.6, 0.8]","(0.6, 0.8]","(0.1, 0.2]","(0.2, 0.4]",Central and Eastern Europe
36,"(6.0, 6.5]","(1.6, 1.8]","(1.0, 1.2]","(0.6, 0.8]","(0.4, 0.6]","(-0.001, 0.1]","(-0.001, 0.2]",Latin America and Caribbean
37,"(6.0, 6.5]","(1.4, 1.6]","(1.0, 1.2]","(0.6, 0.8]","(0.4, 0.6]","(0.1, 0.2]","(-0.001, 0.2]",Latin America and Caribbean
38,"(6.0, 6.5]","(1.2, 1.4]","(0.8, 1.0]","(0.4, 0.6]","(0.6, 0.8]","(0.1, 0.2]","(-0.001, 0.2]",Latin America and Caribbean
39,"(6.0, 6.5]","(1.6, 1.8]","(1.2, 1.4]","(0.6, 0.8]","(0.4, 0.6]","(0.1, 0.2]","(-0.001, 0.2]",Commonwealth of Independent States
40,"(6.0, 6.5]","(1.8, 2.0]","(0.8, 1.0]","(0.8, 1.0]","(0.4, 0.6]","(0.1, 0.2]","(-0.001, 0.2]",Western Europe
41,"(6.0, 6.5]","(1.6, 1.8]","(1.2, 1.4]","(0.6, 0.8]","(0.4, 0.6]","(-0.001, 0.1]","(-0.001, 0.2]",Central and Eastern Europe
42,"(6.0, 6.5]","(1.4, 1.6]","(1.0, 1.2]","(0.6, 0.8]","(0.4, 0.6]","(0.2, 0.3]","(-0.001, 0.2]",Central and Eastern Europe
43,"(6.0, 6.5]","(1.6, 1.8]","(1.0, 1.2]","(0.6, 0.8]","(0.4, 0.6]","(0.1, 0.2]","(-0.001, 0.2]",Latin America and Caribbean
44,"(6.0, 6.5]","(1.0, 1.2]","(1.0, 1.2]","(0.6, 0.8]","(0.6, 0.8]","(0.1, 0.2]","(0.2, 0.4]",Latin America and Caribbean
45,"(6.0, 6.5]","(1.4, 1.6]","(0.8, 1.0]","(0.6, 0.8]","(0.6, 0.8]","(-0.001, 0.1]","(-0.001, 0.2]",Latin America and Caribbean
46,"(6.0, 6.5]","(1.6, 1.8]","(1.0, 1.2]","(0.6, 0.8]","(0.4, 0.6]","(0.1, 0.2]","(-0.001, 0.2]",Central and Eastern Europe
47,"(6.0, 6.5]","(1.6, 1.8]","(1.0, 1.2]","(0.6, 0.8]","(0.4, 0.6]","(0.1, 0.2]","(-0.001, 0.2]",Central and Eastern Europe
48,"(6.0, 6.5]","(1.2, 1.4]","(0.6, 0.8]","(0.6, 0.8]","(0.6, 0.8]","(-0.001, 0.1]","(0.2, 0.4]",Latin America and Caribbean
49,"(6.0, 6.5]","(1.8, 2.0]","(0.8, 1.0]","(0.6, 0.8]","(0.6, 0.8]","(-0.001, 0.1]","(-0.001, 0.2]",Middle East and North Africa
50,"(6.0, 6.5]","(1.6, 1.8]","(1.2, 1.4]","(0.6, 0.8]","(0.4, 0.6]","(-0.001, 0.1]","(-0.001, 0.2]",Central and Eastern Europe
51,"(6.0, 6.5]","(1.4, 1.6]","(1.0, 1.2]","(0.4, 0.6]","(0.4, 0.6]","(0.1, 0.2]","(-0.001, 0.2]",Sub-Saharan Africa
52,"(6.0, 6.5]","(1.2, 1.4]","(1.0, 1.2]","(0.4, 0.6]","(0.6, 0.8]","(0.2, 0.3]","(0.2, 0.4]",Commonwealth of Independent States
53,"(6.0, 6.5]","(1.8, 2.0]","(1.0, 1.2]","(0.8, 1.0]","(0.4, 0.6]","(-0.001, 0.1]","(0.2, 0.4]",East Asia
54,"(6.0, 6.5]","(1.0, 1.2]","(0.8, 1.0]","(0.4, 0.6]","(0.4, 0.6]","(0.2, 0.3]","(-0.001, 0.2]",Latin America and Caribbean
55,"(6.0, 6.5]","(1.6, 1.8]","(1.0, 1.2]","(0.6, 0.8]","(0.6, 0.8]","(-0.001, 0.1]","(-0.001, 0.2]",Western Europe
56,"(5.5, 6.0]","(1.4, 1.6]","(1.0, 1.2]","(0.6, 0.8]","(0.4, 0.6]","(-0.001, 0.1]","(-0.001, 0.2]",Latin America and Caribbean
57,"(5.5, 6.0]","(1.6, 1.8]","(0.8, 1.0]","(0.6, 0.8]","(0.2, 0.4]","(-0.001, 0.1]","(-0.001, 0.2]",Western Europe
58,"(5.5, 6.0]","(1.8, 2.0]","(0.8, 1.0]","(0.8, 1.0]","(0.4, 0.6]","(0.1, 0.2]","(-0.001, 0.2]",East Asia
59,"(5.5, 6.0]","(1.2, 1.4]","(0.8, 1.0]","(0.4, 0.6]","(0.6, 0.8]","(0.1, 0.2]","(-0.001, 0.2]",Southeast Asia
60,"(5.5, 6.0]","(1.4, 1.6]","(1.0, 1.2]","(0.6, 0.8]","(0.6, 0.8]","(0.3, 0.4]","(-0.001, 0.2]",Southeast Asia
61,"(5.5, 6.0]","(1.4, 1.6]","(1.0, 1.2]","(0.4, 0.6]","(0.4, 0.6]","(0.1, 0.2]","(-0.001, 0.2]",Commonwealth of Independent States
62,"(5.5, 6.0]","(1.2, 1.4]","(1.0, 1.2]","(0.6, 0.8]","(0.4, 0.6]","(-0.001, 0.1]","(-0.001, 0.2]",Latin America and Caribbean
63,"(5.5, 6.0]","(1.0, 1.2]","(1.0, 1.2]","(0.6, 0.8]","(0.6, 0.8]","(0.2, 0.3]","(-0.001, 0.2]",Commonwealth of Independent States
64,"(5.5, 6.0]","(1.4, 1.6]","(1.0, 1.2]","(0.6, 0.8]","(0.2, 0.4]","(-0.001, 0.1]","(0.2, 0.4]",Commonwealth of Independent States
65,"(5.5, 6.0]","(1.4, 1.6]","(0.8, 1.0]","(0.6, 0.8]","(0.4, 0.6]","(-0.001, 0.1]","(-0.001, 0.2]",Latin America and Caribbean
66,"(5.5, 6.0]","(1.4, 1.6]","(1.0, 1.2]","(0.6, 0.8]","(0.4, 0.6]","(0.2, 0.3]","(-0.001, 0.2]",Central and Eastern Europe
67,"(5.5, 6.0]","(1.2, 1.4]","(1.0, 1.2]","(0.4, 0.6]","(0.2, 0.4]","(0.2, 0.3]","(-0.001, 0.2]",East Asia
68,"(5.5, 6.0]","(1.4, 1.6]","(1.0, 1.2]","(0.4, 0.6]","(0.6, 0.8]","(-0.001, 0.1]","(-0.001, 0.2]",Latin America and Caribbean
69,"(5.5, 6.0]","(1.6, 1.8]","(0.8, 1.0]","(0.6, 0.8]","(0.6, 0.8]","(0.2, 0.3]","(-0.001, 0.2]",Southeast Asia
70,"(5.5, 6.0]","(1.2, 1.4]","(0.8, 1.0]","(0.4, 0.6]","(0.6, 0.8]","(0.1, 0.2]","(-0.001, 0.2]",Latin America and Caribbean
71,"(5.5, 6.0]","(1.4, 1.6]","(0.8, 1.0]","(0.6, 0.8]","(0.6, 0.8]","(-0.001, 0.1]","(-0.001, 0.2]",East Asia
72,"(5.5, 6.0]","(1.4, 1.6]","(1.0, 1.2]","(0.6, 0.8]","(0.6, 0.8]","(0.1, 0.2]","(-0.001, 0.2]",Latin America and Caribbean
73,"(5.5, 6.0]","(1.2, 1.4]","(0.8, 1.0]","(0.6, 0.8]","(0.4, 0.6]","(-0.001, 0.1]","(-0.001, 0.2]",Latin America and Caribbean
74,"(5.5, 6.0]","(1.4, 1.6]","(1.0, 1.2]","(0.6, 0.8]","(0.4, 0.6]","(0.1, 0.2]","(-0.001, 0.2]",Central and Eastern Europe
75,"(5.5, 6.0]","(1.2, 1.4]","(0.8, 1.0]","(0.6, 0.8]","(0.4, 0.6]","(-0.001, 0.1]","(-0.001, 0.2]",Latin America and Caribbean
76,"(5.0, 5.5]","(1.2, 1.4]","(0.8, 1.0]","(0.6, 0.8]","(0.6, 0.8]","(0.1, 0.2]","(-0.001, 0.2]",Southeast Asia
77,"(5.0, 5.5]","(1.4, 1.6]","(1.2, 1.4]","(0.4, 0.6]","(0.6, 0.8]","(0.3, 0.4]","(-0.001, 0.2]",Commonwealth of Independent States
78,"(5.0, 5.5]","(1.8, 2.0]","(0.8, 1.0]","(0.8, 1.0]","(0.4, 0.6]","(0.1, 0.2]","(0.2, 0.4]",Western Europe
79,"(5.0, 5.5]","(1.6, 1.8]","(1.0, 1.2]","(0.4, 0.6]","(0.4, 0.6]","(0.1, 0.2]","(-0.001, 0.2]",Commonwealth of Independent States
80,"(5.0, 5.5]","(1.8, 2.0]","(0.8, 1.0]","(0.8, 1.0]","(0.2, 0.4]","(0.1, 0.2]","(0.2, 0.4]",East Asia
81,"(5.0, 5.5]","(1.4, 1.6]","(0.8, 1.0]","(0.6, 0.8]","(0.4, 0.6]","(-0.001, 0.1]","(0.2, 0.4]",Commonwealth of Independent States
82,"(5.0, 5.5]","(0.8, 1.0]","(1.0, 1.2]","(0.4, 0.6]","(0.4, 0.6]","(0.1, 0.2]","(0.2, 0.4]",Commonwealth of Independent States
83,"(5.0, 5.5]","(0.8, 1.0]","(0.6, 0.8]","(0.4, 0.6]","(0.4, 0.6]","(0.2, 0.3]","(-0.001, 0.2]",South Asia
84,"(5.0, 5.5]","(1.6, 1.8]","(1.0, 1.2]","(0.6, 0.8]","(0.4, 0.6]","(0.1, 0.2]","(-0.001, 0.2]",Central and Eastern Europe
85,"(5.0, 5.5]","(1.4, 1.6]","(0.8, 1.0]","(0.6, 0.8]","(0.4, 0.6]","(0.1, 0.2]","(-0.001, 0.2]",Middle East and North Africa
86,"(5.0, 5.5]","(1.2, 1.4]","(0.8, 1.0]","(0.4, 0.6]","(0.6, 0.8]","(0.4, 0.5]","(-0.001, 0.2]",Southeast Asia
87,"(5.0, 5.5]","(1.0, 1.2]","(0.4, 0.6]","(0.2, 0.4]","(0.4, 0.6]","(0.1, 0.2]","(-0.001, 0.2]",Sub-Saharan Africa
88,"(5.0, 5.5]","(1.4, 1.6]","(0.8, 1.0]","(0.6, 0.8]","(0.4, 0.6]","(0.2, 0.3]","(-0.001, 0.2]",Central and Eastern Europe
89,"(5.0, 5.5]","(1.4, 1.6]","(0.6, 0.8]","(0.6, 0.8]","(0.4, 0.6]","(0.1, 0.2]","(-0.001, 0.2]",Central and Eastern Europe
90,"(5.0, 5.5]","(1.4, 1.6]","(1.0, 1.2]","(0.2, 0.4]","(0.4, 0.6]","(-0.001, 0.1]","(-0.001, 0.2]",Sub-Saharan Africa
91,"(5.0, 5.5]","(1.4, 1.6]","(1.0, 1.2]","(0.4, 0.6]","(0.6, 0.8]","(-0.001, 0.1]","(0.2, 0.4]",Commonwealth of Independent States
92,"(5.0, 5.5]","(0.6, 0.8]","(0.6, 0.8]","(0.2, 0.4]","(0.2, 0.4]","(0.3, 0.4]","(-0.001, 0.2]",Sub-Saharan Africa
93,"(5.0, 5.5]","(1.0, 1.2]","(0.6, 0.8]","(0.4, 0.6]","(0.6, 0.8]","(0.1, 0.2]","(-0.001, 0.2]",South Asia
94,"(5.0, 5.5]","(1.2, 1.4]","(0.6, 0.8]","(0.4, 0.6]","(0.6, 0.8]","(0.1, 0.2]","(-0.001, 0.2]",Southeast Asia
95,"(5.0, 5.5]","(1.2, 1.4]","(0.8, 1.0]","(0.6, 0.8]","(-0.001, 0.2]","(0.1, 0.2]","(-0.001, 0.2]",Middle East and North Africa
96,"(5.0, 5.5]","(0.6, 0.8]","(0.6, 0.8]","(0.2, 0.4]","(0.4, 0.6]","(0.1, 0.2]","(-0.001, 0.2]",Sub-Saharan Africa
97,"(5.0, 5.5]","(1.4, 1.6]","(1.0, 1.2]","(0.4, 0.6]","(0.4, 0.6]","(0.1, 0.2]","(-0.001, 0.2]",Commonwealth of Independent States
99,"(5.0, 5.5]","(1.2, 1.4]","(0.2, 0.4]","(0.4, 0.6]","(0.4, 0.6]","(-0.001, 0.1]","(-0.001, 0.2]",Middle East and North Africa
100,"(5.0, 5.5]","(0.4, 0.6]","(0.6, 0.8]","(-0.001, 0.2]","(0.4, 0.6]","(0.1, 0.2]","(-0.001, 0.2]",Sub-Saharan Africa
101,"(5.0, 5.5]","(0.8, 1.0]","(0.6, 0.8]","(0.2, 0.4]","(0.2, 0.4]","(0.1, 0.2]","(-0.001, 0.2]",Sub-Saharan Africa
102,"(5.0, 5.5]","(0.8, 1.0]","(0.4, 0.6]","(0.4, 0.6]","(0.4, 0.6]","(0.1, 0.2]","(-0.001, 0.2]",Sub-Saharan Africa
103,"(5.0, 5.5]","(0.4, 0.6]","(0.4, 0.6]","(0.2, 0.4]","(0.4, 0.6]","(0.1, 0.2]","(-0.001, 0.2]",Sub-Saharan Africa
104,"(4.5, 5.0]","(1.4, 1.6]","(0.6, 0.8]","(0.4, 0.6]","(0.4, 0.6]","(-0.001, 0.1]","(0.2, 0.4]",Commonwealth of Independent States
105,"(4.5, 5.0]","(1.4, 1.6]","(0.6, 0.8]","(0.2, 0.4]","(0.2, 0.4]","(-0.001, 0.1]","(-0.001, 0.2]",Sub-Saharan Africa
106,"(4.5, 5.0]","(1.2, 1.4]","(0.6, 0.8]","(0.4, 0.6]","(0.2, 0.4]","(0.1, 0.2]","(-0.001, 0.2]",Middle East and North Africa
107,"(4.5, 5.0]","(-0.001, 0.2]","(0.8, 1.0]","(0.4, 0.6]","(0.2, 0.4]","(0.2, 0.3]","(-0.001, 0.2]",Latin America and Caribbean
108,"(4.5, 5.0]","(0.8, 1.0]","(0.4, 0.6]","(0.2, 0.4]","(0.2, 0.4]","(0.2, 0.3]","(-0.001, 0.2]",Sub-Saharan Africa
109,"(4.5, 5.0]","(1.4, 1.6]","(0.6, 0.8]","(0.6, 0.8]","(0.2, 0.4]","(0.2, 0.3]","(-0.001, 0.2]",Middle East and North Africa
110,"(4.5, 5.0]","(1.0, 1.2]","(0.4, 0.6]","(0.4, 0.6]","(0.4, 0.6]","(0.2, 0.3]","(-0.001, 0.2]",Sub-Saharan Africa
111,"(4.5, 5.0]","(1.6, 1.8]","(0.8, 1.0]","(0.6, 0.8]","(0.2, 0.4]","(-0.001, 0.1]","(-0.001, 0.2]",Middle East and North Africa
112,"(4.5, 5.0]","(0.6, 0.8]","(0.4, 0.6]","(0.2, 0.4]","(0.2, 0.4]","(0.1, 0.2]","(-0.001, 0.2]",Sub-Saharan Africa
113,"(4.5, 5.0]","(1.0, 1.2]","(0.6, 0.8]","(0.4, 0.6]","(0.6, 0.8]","(0.1, 0.2]","(-0.001, 0.2]",Southeast Asia
114,"(4.5, 5.0]","(0.8, 1.0]","(-0.001, 0.2]","(0.2, 0.4]","(0.4, 0.6]","(0.1, 0.2]","(0.2, 0.4]",Sub-Saharan Africa
115,"(4.5, 5.0]","(0.8, 1.0]","(0.4, 0.6]","(0.4, 0.6]","(-0.001, 0.2]","(0.1, 0.2]","(-0.001, 0.2]",Sub-Saharan Africa
116,"(4.5, 5.0]","(0.6, 0.8]","(0.8, 1.0]","(0.4, 0.6]","(0.4, 0.6]","(0.2, 0.3]","(-0.001, 0.2]",Sub-Saharan Africa
117,"(4.5, 5.0]","(1.0, 1.2]","(0.6, 0.8]","(0.2, 0.4]","(0.4, 0.6]","(0.1, 0.2]","(-0.001, 0.2]",Sub-Saharan Africa
118,"(4.5, 5.0]","(1.0, 1.2]","(0.6, 0.8]","(0.4, 0.6]","(0.4, 0.6]","(0.3, 0.4]","(-0.001, 0.2]",Sub-Saharan Africa
119,"(4.5, 5.0]","(1.2, 1.4]","(0.4, 0.6]","(0.6, 0.8]","(0.2, 0.4]","(-0.001, 0.1]","(-0.001, 0.2]",Middle East and North Africa
120,"(4.5, 5.0]","(1.0, 1.2]","(0.4, 0.6]","(0.2, 0.4]","(0.4, 0.6]","(0.1, 0.2]","(-0.001, 0.2]",South Asia
121,"(4.0, 4.5]","(1.0, 1.2]","(0.8, 1.0]","(0.4, 0.6]","(0.2, 0.4]","(-0.001, 0.1]","(-0.001, 0.2]",Middle East and North Africa
122,"(4.0, 4.5]","(0.6, 0.8]","(0.4, 0.6]","(0.2, 0.4]","(0.2, 0.4]","(0.1, 0.2]","(-0.001, 0.2]",Sub-Saharan Africa
123,"(4.0, 4.5]","(1.2, 1.4]","(0.8, 1.0]","(0.2, 0.4]","(0.2, 0.4]","(-0.001, 0.1]","(-0.001, 0.2]",Sub-Saharan Africa
125,"(4.0, 4.5]","(1.0, 1.2]","(0.8, 1.0]","(0.4, 0.6]","(0.4, 0.6]","(0.4, 0.5]","(-0.001, 0.2]",Southeast Asia
126,"(4.0, 4.5]","(1.4, 1.6]","(0.8, 1.0]","(0.6, 0.8]","(0.4, 0.6]","(0.1, 0.2]","(-0.001, 0.2]",South Asia
127,"(4.0, 4.5]","(0.6, 0.8]","(0.6, 0.8]","(0.2, 0.4]","(0.2, 0.4]","(0.1, 0.2]","(-0.001, 0.2]",Sub-Saharan Africa
128,"(4.0, 4.5]","(1.2, 1.4]","(0.6, 0.8]","(0.4, 0.6]","(0.4, 0.6]","(-0.001, 0.1]","(0.2, 0.4]",Middle East and North Africa
129,"(4.0, 4.5]","(0.6, 0.8]","(0.4, 0.6]","(0.2, 0.4]","(-0.001, 0.2]","(0.1, 0.2]","(-0.001, 0.2]",Sub-Saharan Africa
130,"(4.0, 4.5]","(0.6, 0.8]","(0.8, 1.0]","(0.4, 0.6]","(0.4, 0.6]","(0.2, 0.3]","(-0.001, 0.2]",Sub-Saharan Africa
131,"(4.0, 4.5]","(0.6, 0.8]","(1.0, 1.2]","(0.2, 0.4]","(0.2, 0.4]","(-0.001, 0.1]","(-0.001, 0.2]",Middle East and North Africa
132,"(4.0, 4.5]","(1.0, 1.2]","(0.8, 1.0]","(0.4, 0.6]","(0.2, 0.4]","(-0.001, 0.1]","(-0.001, 0.2]",Sub-Saharan Africa
133,"(4.0, 4.5]","(1.2, 1.4]","(0.6, 0.8]","(0.6, 0.8]","(0.4, 0.6]","(-0.001, 0.1]","(-0.001, 0.2]",Middle East and North Africa
134,"(4.0, 4.5]","(0.6, 0.8]","(0.2, 0.4]","(0.2, 0.4]","(0.2, 0.4]","(0.1, 0.2]","(-0.001, 0.2]",Sub-Saharan Africa
135,"(3.5, 4.0]","(1.0, 1.2]","(0.2, 0.4]","(0.4, 0.6]","(0.6, 0.8]","(0.1, 0.2]","(-0.001, 0.2]",South Asia
136,"(3.5, 4.0]","(0.8, 1.0]","(0.4, 0.6]","(0.2, 0.4]","(0.4, 0.6]","(0.2, 0.3]","(-0.001, 0.2]",Sub-Saharan Africa
137,"(3.5, 4.0]","(0.6, 0.8]","(0.2, 0.4]","(0.2, 0.4]","(0.4, 0.6]","(0.1, 0.2]","(-0.001, 0.2]",Sub-Saharan Africa
138,"(3.5, 4.0]","(0.8, 1.0]","(0.4, 0.6]","(0.4, 0.6]","(0.4, 0.6]","(0.2, 0.3]","(0.2, 0.4]",Sub-Saharan Africa
139,"(3.5, 4.0]","(0.6, 0.8]","(0.4, 0.6]","(0.2, 0.4]","(0.2, 0.4]","(0.2, 0.3]","(-0.001, 0.2]",Sub-Saharan Africa
140,"(3.5, 4.0]","(0.8, 1.0]","(0.8, 1.0]","(-0.001, 0.2]","(0.4, 0.6]","(-0.001, 0.1]","(-0.001, 0.2]",Sub-Saharan Africa
141,"(3.0, 3.5]","(1.4, 1.6]","(0.8, 1.0]","(0.2, 0.4]","(0.4, 0.6]","(-0.001, 0.1]","(-0.001, 0.2]",Sub-Saharan Africa
142,"(3.0, 3.5]","(0.6, 0.8]","(-0.001, 0.2]","(0.4, 0.6]","(0.6, 0.8]","(0.1, 0.2]","(0.4, 0.6]",Sub-Saharan Africa
143,"(2.5, 3.0]","(0.8, 1.0]","(0.6, 0.8]","(0.2, 0.4]","(0.2, 0.4]","(0.1, 0.2]","(-0.001, 0.2]",Sub-Saharan Africa
144,"(2.5, 3.0]","(1.2, 1.4]","(0.4, 0.6]","(0.6, 0.8]","(-0.001, 0.2]","(-0.001, 0.1]","(-0.001, 0.2]",Middle East and North Africa
145,"(2.0, 2.5]","(0.6, 0.8]","(-0.001, 0.2]","(0.2, 0.4]","(-0.001, 0.2]","(-0.001, 0.1]","(-0.001, 0.2]",South Asia
146,"(7.5, 8.0]","(1.4, 1.6]","(1.0, 1.2]","(0.6, 0.8]","(0.6, 0.8]","(0.1, 0.2]","(0.4, 0.6]",Western Europe
147,"(7.5, 8.0]","(1.4, 1.6]","(1.0, 1.2]","(0.6, 0.8]","(0.6, 0.8]","(0.2, 0.3]","(0.4, 0.6]",Western Europe
148,"(7.5, 8.0]","(1.4, 1.6]","(1.0, 1.2]","(0.8, 1.0]","(0.6, 0.8]","(0.2, 0.3]","(0.4, 0.6]",Western Europe
149,"(7.5, 8.0]","(1.4, 1.6]","(1.0, 1.2]","(0.6, 0.8]","(0.6, 0.8]","(0.2, 0.3]","(-0.001, 0.2]",Western Europe
150,"(7.0, 7.5]","(1.4, 1.6]","(1.0, 1.2]","(0.6, 0.8]","(0.6, 0.8]","(0.3, 0.4]","(0.2, 0.4]",Western Europe
151,"(7.0, 7.5]","(1.4, 1.6]","(1.0, 1.2]","(0.6, 0.8]","(0.6, 0.8]","(0.2, 0.3]","(0.4, 0.6]",Western Europe
152,"(7.0, 7.5]","(1.4, 1.6]","(1.0, 1.2]","(0.6, 0.8]","(0.6, 0.8]","(0.2, 0.3]","(0.4, 0.6]",Western Europe
153,"(7.0, 7.5]","(1.6, 1.8]","(1.0, 1.2]","(0.6, 0.8]","(0.6, 0.8]","(0.1, 0.2]","(0.2, 0.4]",Western Europe
154,"(7.0, 7.5]","(1.2, 1.4]","(1.0, 1.2]","(0.6, 0.8]","(0.6, 0.8]","(0.2, 0.3]","(0.4, 0.6]",North America and ANZ
155,"(7.0, 7.5]","(1.4, 1.6]","(1.0, 1.2]","(0.6, 0.8]","(0.6, 0.8]","(0.2, 0.3]","(0.2, 0.4]",Western Europe
156,"(7.0, 7.5]","(1.4, 1.6]","(1.0, 1.2]","(0.8, 1.0]","(0.6, 0.8]","(0.2, 0.3]","(0.2, 0.4]",North America and ANZ
157,"(7.0, 7.5]","(1.2, 1.4]","(1.0, 1.2]","(0.6, 0.8]","(0.4, 0.6]","(0.2, 0.3]","(-0.001, 0.2]",Middle East and North Africa
158,"(7.0, 7.5]","(1.4, 1.6]","(0.8, 1.0]","(0.6, 0.8]","(0.4, 0.6]","(0.1, 0.2]","(0.2, 0.4]",Western Europe
159,"(7.0, 7.5]","(1.4, 1.6]","(1.0, 1.2]","(0.6, 0.8]","(0.6, 0.8]","(0.2, 0.3]","(0.2, 0.4]",North America and ANZ
160,"(7.0, 7.5]","(1.6, 1.8]","(1.0, 1.2]","(0.6, 0.8]","(0.6, 0.8]","(0.2, 0.3]","(0.2, 0.4]",Western Europe
161,"(7.0, 7.5]","(1.0, 1.2]","(0.8, 1.0]","(0.6, 0.8]","(0.6, 0.8]","(0.1, 0.2]","(-0.001, 0.2]",Latin America and Caribbean
162,"(7.0, 7.5]","(1.4, 1.6]","(1.0, 1.2]","(0.6, 0.8]","(0.4, 0.6]","(0.3, 0.4]","(0.2, 0.4]",Western Europe
163,"(6.5, 7.0]","(1.2, 1.4]","(1.0, 1.2]","(0.6, 0.8]","(0.4, 0.6]","(-0.001, 0.1]","(-0.001, 0.2]",Central and Eastern Europe
164,"(6.5, 7.0]","(1.4, 1.6]","(1.0, 1.2]","(0.6, 0.8]","(0.4, 0.6]","(0.2, 0.3]","(-0.001, 0.2]",North America and ANZ
165,"(6.5, 7.0]","(1.4, 1.6]","(0.8, 1.0]","(0.6, 0.8]","(0.4, 0.6]","(-0.001, 0.1]","(-0.001, 0.2]",Western Europe
166,"(6.5, 7.0]","(1.4, 1.6]","(1.0, 1.2]","(0.8, 1.0]","(0.4, 0.6]","(-0.001, 0.1]","(0.2, 0.4]",Western Europe
167,"(6.5, 7.0]","(1.4, 1.6]","(0.8, 1.0]","(0.6, 0.8]","(0.6, 0.8]","(0.2, 0.3]","(-0.001, 0.2]",Middle East and North Africa
168,"(6.5, 7.0]","(1.4, 1.6]","(1.0, 1.2]","(0.6, 0.8]","(0.6, 0.8]","(0.2, 0.3]","(-0.001, 0.2]",Western Europe
169,"(6.5, 7.0]","(1.4, 1.6]","(0.8, 1.0]","(0.6, 0.8]","(0.4, 0.6]","(0.1, 0.2]","(-0.001, 0.2]",East Asia
170,"(6.5, 7.0]","(1.4, 1.6]","(0.8, 1.0]","(0.4, 0.6]","(0.6, 0.8]","(0.2, 0.3]","(0.2, 0.4]",Middle East and North Africa
171,"(6.0, 6.5]","(1.4, 1.6]","(0.8, 1.0]","(0.4, 0.6]","(0.6, 0.8]","(-0.001, 0.1]","(-0.001, 0.2]",Middle East and North Africa
172,"(6.0, 6.5]","(1.2, 1.4]","(1.0, 1.2]","(0.8, 1.0]","(0.4, 0.6]","(0.1, 0.2]","(-0.001, 0.2]",Western Europe
173,"(6.0, 6.5]","(1.2, 1.4]","(0.8, 1.0]","(0.6, 0.8]","(0.2, 0.4]","(0.1, 0.2]","(-0.001, 0.2]",Western Europe
174,"(6.0, 6.5]","(1.2, 1.4]","(1.0, 1.2]","(0.6, 0.8]","(0.6, 0.8]","(0.1, 0.2]","(-0.001, 0.2]",Central and Eastern Europe
175,"(6.0, 6.5]","(0.8, 1.0]","(0.6, 0.8]","(0.4, 0.6]","(0.6, 0.8]","(0.1, 0.2]","(-0.001, 0.2]",Latin America and Caribbean
176,"(6.0, 6.5]","(1.0, 1.2]","(1.0, 1.2]","(0.6, 0.8]","(0.6, 0.8]","(0.1, 0.2]","(0.2, 0.4]",Latin America and Caribbean
177,"(6.0, 6.5]","(1.6, 1.8]","(1.0, 1.2]","(0.8, 1.0]","(0.6, 0.8]","(0.1, 0.2]","(0.4, 0.6]",Southeast Asia
178,"(6.0, 6.5]","(0.8, 1.0]","(0.8, 1.0]","(0.4, 0.6]","(0.4, 0.6]","(0.3, 0.4]","(-0.001, 0.2]",Central and Eastern Europe
179,"(6.0, 6.5]","(1.2, 1.4]","(1.0, 1.2]","(0.6, 0.8]","(0.4, 0.6]","(0.1, 0.2]","(-0.001, 0.2]",Central and Eastern Europe
180,"(6.0, 6.5]","(1.0, 1.2]","(0.8, 1.0]","(0.4, 0.6]","(0.4, 0.6]","(0.1, 0.2]","(-0.001, 0.2]",Latin America and Caribbean
181,"(6.0, 6.5]","(1.0, 1.2]","(0.8, 1.0]","(0.6, 0.8]","(0.4, 0.6]","(-0.001, 0.1]","(-0.001, 0.2]",Latin America and Caribbean
182,"(6.0, 6.5]","(0.8, 1.0]","(0.8, 1.0]","(0.4, 0.6]","(0.6, 0.8]","(-0.001, 0.1]","(-0.001, 0.2]",Latin America and Caribbean
183,"(6.0, 6.5]","(1.2, 1.4]","(1.0, 1.2]","(0.6, 0.8]","(0.4, 0.6]","(-0.001, 0.1]","(-0.001, 0.2]",Central and Eastern Europe
184,"(6.0, 6.5]","(1.2, 1.4]","(0.6, 0.8]","(0.8, 1.0]","(0.4, 0.6]","(0.1, 0.2]","(-0.001, 0.2]",Western Europe
185,"(6.0, 6.5]","(1.2, 1.4]","(1.0, 1.2]","(0.6, 0.8]","(0.6, 0.8]","(0.1, 0.2]","(0.2, 0.4]",Central and Eastern Europe
186,"(6.0, 6.5]","(1.2, 1.4]","(0.8, 1.0]","(0.6, 0.8]","(0.4, 0.6]","(-0.001, 0.1]","(-0.001, 0.2]",Latin America and Caribbean
187,"(6.0, 6.5]","(0.6, 0.8]","(1.0, 1.2]","(0.4, 0.6]","(0.6, 0.8]","(0.3, 0.4]","(0.2, 0.4]",Commonwealth of Independent States
188,"(6.0, 6.5]","(1.0, 1.2]","(0.8, 1.0]","(0.6, 0.8]","(0.4, 0.6]","(0.1, 0.2]","(-0.001, 0.2]",Latin America and Caribbean
189,"(6.0, 6.5]","(1.2, 1.4]","(0.8, 1.0]","(0.6, 0.8]","(0.4, 0.6]","(-0.001, 0.1]","(-0.001, 0.2]",Central and Eastern Europe
190,"(6.0, 6.5]","(1.2, 1.4]","(1.0, 1.2]","(0.4, 0.6]","(0.4, 0.6]","(0.1, 0.2]","(-0.001, 0.2]",Commonwealth of Independent States
191,"(6.0, 6.5]","(1.2, 1.4]","(0.8, 1.0]","(0.4, 0.6]","(0.4, 0.6]","(-0.001, 0.1]","(-0.001, 0.2]",Central and Eastern Europe
192,"(6.0, 6.5]","(1.4, 1.6]","(0.8, 1.0]","(0.4, 0.6]","(0.4, 0.6]","(0.1, 0.2]","(-0.001, 0.2]",Middle East and North Africa
193,"(6.0, 6.5]","(1.0, 1.2]","(0.8, 1.0]","(0.6, 0.8]","(0.4, 0.6]","(0.1, 0.2]","(-0.001, 0.2]",Central and Eastern Europe
194,"(6.0, 6.5]","(0.8, 1.0]","(0.6, 0.8]","(0.4, 0.6]","(0.6, 0.8]","(0.1, 0.2]","(-0.001, 0.2]",Latin America and Caribbean
195,"(6.0, 6.5]","(1.0, 1.2]","(0.8, 1.0]","(0.4, 0.6]","(0.4, 0.6]","(0.1, 0.2]","(-0.001, 0.2]",Sub-Saharan Africa
196,"(6.0, 6.5]","(1.2, 1.4]","(1.0, 1.2]","(0.4, 0.6]","(0.4, 0.6]","(-0.001, 0.1]","(-0.001, 0.2]",Central and Eastern Europe
197,"(6.0, 6.5]","(1.0, 1.2]","(0.8, 1.0]","(0.6, 0.8]","(0.4, 0.6]","(-0.001, 0.1]","(-0.001, 0.2]",Latin America and Caribbean
198,"(5.5, 6.0]","(1.2, 1.4]","(1.0, 1.2]","(0.6, 0.8]","(0.4, 0.6]","(-0.001, 0.1]","(-0.001, 0.2]",Central and Eastern Europe
199,"(5.5, 6.0]","(1.0, 1.2]","(0.8, 1.0]","(0.4, 0.6]","(0.6, 0.8]","(0.3, 0.4]","(-0.001, 0.2]",Southeast Asia
200,"(5.5, 6.0]","(0.6, 0.8]","(0.8, 1.0]","(0.6, 0.8]","(0.4, 0.6]","(0.2, 0.3]","(-0.001, 0.2]",Latin America and Caribbean
201,"(5.5, 6.0]","(1.2, 1.4]","(0.8, 1.0]","(0.8, 1.0]","(0.4, 0.6]","(-0.001, 0.1]","(-0.001, 0.2]",East Asia
202,"(5.5, 6.0]","(1.0, 1.2]","(0.8, 1.0]","(0.6, 0.8]","(0.4, 0.6]","(-0.001, 0.1]","(-0.001, 0.2]",Latin America and Caribbean
203,"(5.5, 6.0]","(1.2, 1.4]","(0.8, 1.0]","(0.6, 0.8]","(0.6, 0.8]","(-0.001, 0.1]","(-0.001, 0.2]",Western Europe
204,"(5.5, 6.0]","(0.6, 0.8]","(0.6, 0.8]","(0.4, 0.6]","(0.4, 0.6]","(0.2, 0.3]","(-0.001, 0.2]",Latin America and Caribbean
205,"(5.5, 6.0]","(1.2, 1.4]","(1.0, 1.2]","(0.6, 0.8]","(0.4, 0.6]","(0.1, 0.2]","(-0.001, 0.2]",Central and Eastern Europe
206,"(5.5, 6.0]","(0.8, 1.0]","(0.8, 1.0]","(0.4, 0.6]","(0.6, 0.8]","(0.1, 0.2]","(-0.001, 0.2]",Southeast Asia
207,"(5.5, 6.0]","(1.4, 1.6]","(0.6, 0.8]","(0.8, 1.0]","(0.2, 0.4]","(0.1, 0.2]","(-0.001, 0.2]",East Asia
208,"(5.5, 6.0]","(0.8, 1.0]","(0.8, 1.0]","(0.6, 0.8]","(0.4, 0.6]","(-0.001, 0.1]","(-0.001, 0.2]",Latin America and Caribbean
209,"(5.5, 6.0]","(1.0, 1.2]","(0.8, 1.0]","(0.6, 0.8]","(0.2, 0.4]","(0.2, 0.3]","(-0.001, 0.2]",Central and Eastern Europe
210,"(5.5, 6.0]","(0.8, 1.0]","(0.8, 1.0]","(0.4, 0.6]","(0.4, 0.6]","(0.1, 0.2]","(-0.001, 0.2]",Commonwealth of Independent States
211,"(5.5, 6.0]","(0.8, 1.0]","(0.8, 1.0]","(0.6, 0.8]","(0.4, 0.6]","(0.1, 0.2]","(-0.001, 0.2]",Latin America and Caribbean
212,"(5.5, 6.0]","(0.6, 0.8]","(0.8, 1.0]","(0.4, 0.6]","(0.6, 0.8]","(0.2, 0.3]","(-0.001, 0.2]",Commonwealth of Independent States
213,"(5.5, 6.0]","(1.2, 1.4]","(0.8, 1.0]","(0.6, 0.8]","(0.2, 0.4]","(-0.001, 0.1]","(-0.001, 0.2]",Western Europe
214,"(5.5, 6.0]","(0.8, 1.0]","(0.6, 0.8]","(0.4, 0.6]","(0.4, 0.6]","(0.1, 0.2]","(-0.001, 0.2]",Latin America and Caribbean
215,"(5.5, 6.0]","(0.8, 1.0]","(1.0, 1.2]","(0.4, 0.6]","(0.2, 0.4]","(0.2, 0.3]","(-0.001, 0.2]",East Asia
216,"(5.5, 6.0]","(0.8, 1.0]","(0.8, 1.0]","(0.4, 0.6]","(0.6, 0.8]","(0.2, 0.3]","(-0.001, 0.2]",Latin America and Caribbean
217,"(5.5, 6.0]","(1.0, 1.2]","(0.8, 1.0]","(0.6, 0.8]","(0.2, 0.4]","(0.1, 0.2]","(-0.001, 0.2]",Central and Eastern Europe
218,"(5.5, 6.0]","(1.0, 1.2]","(0.8, 1.0]","(0.4, 0.6]","(0.4, 0.6]","(0.1, 0.2]","(-0.001, 0.2]",Latin America and Caribbean
219,"(5.5, 6.0]","(1.2, 1.4]","(0.8, 1.0]","(0.8, 1.0]","(0.4, 0.6]","(0.1, 0.2]","(-0.001, 0.2]",Western Europe
220,"(5.5, 6.0]","(1.0, 1.2]","(1.0, 1.2]","(0.4, 0.6]","(0.2, 0.4]","(-0.001, 0.1]","(-0.001, 0.2]",Commonwealth of Independent States
221,"(5.0, 5.5]","(1.2, 1.4]","(0.8, 1.0]","(0.4, 0.6]","(0.4, 0.6]","(0.1, 0.2]","(-0.001, 0.2]",Commonwealth of Independent States
222,"(5.0, 5.5]","(1.4, 1.6]","(0.8, 1.0]","(0.8, 1.0]","(0.4, 0.6]","(0.2, 0.3]","(0.2, 0.4]",East Asia
223,"(5.0, 5.5]","(0.4, 0.6]","(0.8, 1.0]","(0.4, 0.6]","(0.4, 0.6]","(0.1, 0.2]","(0.2, 0.4]",Commonwealth of Independent States
224,"(5.0, 5.5]","(0.8, 1.0]","(0.8, 1.0]","(0.6, 0.8]","(0.6, 0.8]","(0.1, 0.2]","(-0.001, 0.2]",Southeast Asia
225,"(5.0, 5.5]","(1.0, 1.2]","(0.8, 1.0]","(0.4, 0.6]","(0.4, 0.6]","(0.1, 0.2]","(-0.001, 0.2]",Middle East and North Africa
226,"(5.0, 5.5]","(1.2, 1.4]","(0.6, 0.8]","(0.4, 0.6]","(0.6, 0.8]","(0.2, 0.3]","(-0.001, 0.2]",Southeast Asia
227,"(5.0, 5.5]","(0.8, 1.0]","(0.6, 0.8]","(0.4, 0.6]","(0.4, 0.6]","(0.5, 0.6]","(-0.001, 0.2]",Southeast Asia
228,"(5.0, 5.5]","(0.4, 0.6]","(0.2, 0.4]","(0.2, 0.4]","(0.2, 0.4]","(0.1, 0.2]","(-0.001, 0.2]",Sub-Saharan Africa
229,"(5.0, 5.5]","(1.0, 1.2]","(0.6, 0.8]","(0.6, 0.8]","(0.6, 0.8]","(-0.001, 0.1]","(-0.001, 0.2]",East Asia
230,"(5.0, 5.5]","(0.6, 0.8]","(0.4, 0.6]","(-0.001, 0.2]","(0.4, 0.6]","(0.1, 0.2]","(-0.001, 0.2]",Sub-Saharan Africa
231,"(5.0, 5.5]","(0.8, 1.0]","(0.6, 0.8]","(0.4, 0.6]","(0.4, 0.6]","(-0.001, 0.1]","(-0.001, 0.2]",Commonwealth of Independent States
232,"(5.0, 5.5]","(0.4, 0.6]","(0.6, 0.8]","(0.4, 0.6]","(0.4, 0.6]","(0.2, 0.3]","(-0.001, 0.2]",South Asia
233,"(5.0, 5.5]","(1.0, 1.2]","(1.0, 1.2]","(0.4, 0.6]","(0.4, 0.6]","(0.1, 0.2]","(-0.001, 0.2]",Central and Eastern Europe
234,"(5.0, 5.5]","(1.0, 1.2]","(1.0, 1.2]","(0.6, 0.8]","(0.4, 0.6]","(0.2, 0.3]","(-0.001, 0.2]",South Asia
235,"(5.0, 5.5]","(1.0, 1.2]","(0.8, 1.0]","(0.4, 0.6]","(0.4, 0.6]","(-0.001, 0.1]","(0.2, 0.4]",Commonwealth of Independent States
236,"(5.0, 5.5]","(0.4, 0.6]","(0.4, 0.6]","(-0.001, 0.2]","(0.4, 0.6]","(0.2, 0.3]","(-0.001, 0.2]",Sub-Saharan Africa
237,"(5.0, 5.5]","(0.4, 0.6]","(0.4, 0.6]","(0.2, 0.4]","(0.2, 0.4]","(0.1, 0.2]","(-0.001, 0.2]",Sub-Saharan Africa
238,"(5.0, 5.5]","(1.0, 1.2]","(0.4, 0.6]","(0.6, 0.8]","(0.4, 0.6]","(0.1, 0.2]","(-0.001, 0.2]",Central and Eastern Europe
239,"(5.0, 5.5]","(1.0, 1.2]","(0.6, 0.8]","(0.4, 0.6]","(0.4, 0.6]","(0.2, 0.3]","(-0.001, 0.2]",Central and Eastern Europe
240,"(5.0, 5.5]","(0.6, 0.8]","(0.4, 0.6]","(0.2, 0.4]","(0.4, 0.6]","(0.2, 0.3]","(-0.001, 0.2]",Sub-Saharan Africa
241,"(5.0, 5.5]","(-0.001, 0.2]","(0.4, 0.6]","(-0.001, 0.2]","(0.4, 0.6]","(0.1, 0.2]","(-0.001, 0.2]",Sub-Saharan Africa
242,"(5.0, 5.5]","(1.0, 1.2]","(1.0, 1.2]","(0.4, 0.6]","(0.6, 0.8]","(0.3, 0.4]","(-0.001, 0.2]",Commonwealth of Independent States
243,"(5.0, 5.5]","(0.2, 0.4]","(0.4, 0.6]","(0.2, 0.4]","(0.2, 0.4]","(0.4, 0.5]","(-0.001, 0.2]",Sub-Saharan Africa
244,"(5.0, 5.5]","(0.4, 0.6]","(-0.001, 0.2]","(-0.001, 0.2]","(0.4, 0.6]","(0.1, 0.2]","(-0.001, 0.2]",Sub-Saharan Africa
245,"(5.0, 5.5]","(0.8, 1.0]","(0.4, 0.6]","(0.2, 0.4]","(0.6, 0.8]","(0.2, 0.3]","(-0.001, 0.2]",Southeast Asia
246,"(5.0, 5.5]","(0.6, 0.8]","(0.4, 0.6]","(0.4, 0.6]","(0.6, 0.8]","(0.1, 0.2]","(-0.001, 0.2]",South Asia
247,"(4.5, 5.0]","(0.4, 0.6]","(0.2, 0.4]","(0.2, 0.4]","(0.2, 0.4]","(0.2, 0.3]","(-0.001, 0.2]",Sub-Saharan Africa
248,"(4.5, 5.0]","(0.8, 1.0]","(0.8, 1.0]","(0.2, 0.4]","(0.4, 0.6]","(0.1, 0.2]","(-0.001, 0.2]",Sub-Saharan Africa
249,"(4.5, 5.0]","(1.2, 1.4]","(0.8, 1.0]","(0.4, 0.6]","(0.2, 0.4]","(-0.001, 0.1]","(-0.001, 0.2]",Middle East and North Africa
250,"(4.5, 5.0]","(0.6, 0.8]","(0.4, 0.6]","(0.2, 0.4]","(0.4, 0.6]","(0.2, 0.3]","(-0.001, 0.2]",South Asia
251,"(4.5, 5.0]","(0.6, 0.8]","(0.2, 0.4]","(0.4, 0.6]","(0.4, 0.6]","(-0.001, 0.1]","(-0.001, 0.2]",Middle East and North Africa
252,"(4.5, 5.0]","(0.8, 1.0]","(0.8, 1.0]","(0.4, 0.6]","(0.2, 0.4]","(-0.001, 0.1]","(-0.001, 0.2]",Latin America and Caribbean
253,"(4.5, 5.0]","(1.0, 1.2]","(0.4, 0.6]","(0.4, 0.6]","(0.4, 0.6]","(-0.001, 0.1]","(-0.001, 0.2]",Commonwealth of Independent States
254,"(4.5, 5.0]","(0.8, 1.0]","(0.6, 0.8]","(0.4, 0.6]","(-0.001, 0.2]","(0.1, 0.2]","(-0.001, 0.2]",Middle East and North Africa
255,"(4.5, 5.0]","(0.8, 1.0]","(0.8, 1.0]","(0.4, 0.6]","(0.4, 0.6]","(0.1, 0.2]","(-0.001, 0.2]",Commonwealth of Independent States
256,"(4.5, 5.0]","(0.8, 1.0]","(0.6, 0.8]","(0.2, 0.4]","(0.2, 0.4]","(0.1, 0.2]","(-0.001, 0.2]",Middle East and North Africa
257,"(4.5, 5.0]","(1.0, 1.2]","(0.6, 0.8]","(0.2, 0.4]","(0.4, 0.6]","(-0.001, 0.1]","(-0.001, 0.2]",Sub-Saharan Africa
258,"(4.5, 5.0]","(0.2, 0.4]","(0.4, 0.6]","(-0.001, 0.2]","(0.2, 0.4]","(0.1, 0.2]","(-0.001, 0.2]",Sub-Saharan Africa
259,"(4.5, 5.0]","(0.6, 0.8]","(0.6, 0.8]","(0.4, 0.6]","(0.6, 0.8]","(0.2, 0.3]","(-0.001, 0.2]",Southeast Asia
260,"(4.5, 5.0]","(-0.001, 0.2]","(0.6, 0.8]","(-0.001, 0.2]","(0.6, 0.8]","(0.2, 0.3]","(-0.001, 0.2]",Sub-Saharan Africa
261,"(4.5, 5.0]","(0.6, 0.8]","(0.6, 0.8]","(-0.001, 0.2]","(0.4, 0.6]","(0.2, 0.3]","(-0.001, 0.2]",Sub-Saharan Africa
262,"(4.5, 5.0]","(0.2, 0.4]","(0.4, 0.6]","(-0.001, 0.2]","(0.2, 0.4]","(0.1, 0.2]","(-0.001, 0.2]",Sub-Saharan Africa
263,"(4.5, 5.0]","(1.0, 1.2]","(0.4, 0.6]","(0.4, 0.6]","(0.2, 0.4]","(0.3, 0.4]","(-0.001, 0.2]",Middle East and North Africa
264,"(4.5, 5.0]","(0.2, 0.4]","(0.6, 0.8]","(0.2, 0.4]","(0.2, 0.4]","(0.2, 0.3]","(-0.001, 0.2]",Sub-Saharan Africa
265,"(4.5, 5.0]","(0.2, 0.4]","(0.4, 0.6]","(0.2, 0.4]","(0.4, 0.6]","(0.2, 0.3]","(-0.001, 0.2]",Sub-Saharan Africa
266,"(4.5, 5.0]","(0.6, 0.8]","(0.4, 0.6]","(0.2, 0.4]","(0.4, 0.6]","(0.3, 0.4]","(-0.001, 0.2]",Sub-Saharan Africa
267,"(4.5, 5.0]","(0.8, 1.0]","(0.4, 0.6]","(0.4, 0.6]","(0.2, 0.4]","(-0.001, 0.1]","(-0.001, 0.2]",Middle East and North Africa
268,"(4.5, 5.0]","(1.0, 1.2]","(0.8, 1.0]","(0.4, 0.6]","(-0.001, 0.2]","(0.1, 0.2]","(-0.001, 0.2]",Middle East and North Africa
269,"(4.5, 5.0]","(0.8, 1.0]","(0.8, 1.0]","(0.2, 0.4]","(0.4, 0.6]","(-0.001, 0.1]","(-0.001, 0.2]",Sub-Saharan Africa
270,"(4.5, 5.0]","(0.6, 0.8]","(0.8, 1.0]","(0.4, 0.6]","(0.2, 0.4]","(-0.001, 0.1]","(-0.001, 0.2]",Middle East and North Africa
271,"(4.0, 4.5]","(0.6, 0.8]","(0.6, 0.8]","(0.2, 0.4]","(0.6, 0.8]","(0.5, 0.6]","(-0.001, 0.2]",Southeast Asia
272,"(4.0, 4.5]","(0.8, 1.0]","(0.6, 0.8]","(0.4, 0.6]","(0.4, 0.6]","(-0.001, 0.1]","(-0.001, 0.2]",Middle East and North Africa
273,"(4.0, 4.5]","(0.2, 0.4]","(0.2, 0.4]","(-0.001, 0.2]","(0.2, 0.4]","(0.2, 0.3]","(-0.001, 0.2]",Sub-Saharan Africa
274,"(4.0, 4.5]","(0.8, 1.0]","(0.8, 1.0]","(0.4, 0.6]","(0.4, 0.6]","(0.2, 0.3]","(-0.001, 0.2]",South Asia
275,"(4.0, 4.5]","(0.8, 1.0]","(0.6, 0.8]","(-0.001, 0.2]","(0.2, 0.4]","(-0.001, 0.1]","(-0.001, 0.2]",Sub-Saharan Africa
276,"(4.0, 4.5]","(0.4, 0.6]","(0.2, 0.4]","(0.2, 0.4]","(0.2, 0.4]","(0.2, 0.3]","(-0.001, 0.2]",Sub-Saharan Africa
277,"(4.0, 4.5]","(0.8, 1.0]","(0.6, 0.8]","(0.4, 0.6]","(0.4, 0.6]","(-0.001, 0.1]","(-0.001, 0.2]",Middle East and North Africa
278,"(4.0, 4.5]","(0.2, 0.4]","(0.6, 0.8]","(0.2, 0.4]","(0.4, 0.6]","(0.2, 0.3]","(-0.001, 0.2]",Sub-Saharan Africa
279,"(4.0, 4.5]","(0.6, 0.8]","(0.6, 0.8]","(0.2, 0.4]","(0.2, 0.4]","(0.1, 0.2]","(-0.001, 0.2]",Sub-Saharan Africa
280,"(4.0, 4.5]","(0.2, 0.4]","(0.4, 0.6]","(0.2, 0.4]","(0.2, 0.4]","(0.1, 0.2]","(-0.001, 0.2]",Sub-Saharan Africa
281,"(4.0, 4.5]","(0.2, 0.4]","(0.2, 0.4]","(0.2, 0.4]","(0.2, 0.4]","(0.2, 0.3]","(-0.001, 0.2]",Sub-Saharan Africa
282,"(4.0, 4.5]","(0.4, 0.6]","(0.4, 0.6]","(0.2, 0.4]","(0.4, 0.6]","(0.2, 0.3]","(-0.001, 0.2]",Sub-Saharan Africa
283,"(3.5, 4.0]","(0.2, 0.4]","(0.2, 0.4]","(-0.001, 0.2]","(0.4, 0.6]","(0.2, 0.3]","(-0.001, 0.2]",Sub-Saharan Africa
284,"(3.5, 4.0]","(0.6, 0.8]","(0.2, 0.4]","(0.2, 0.4]","(0.6, 0.8]","(0.2, 0.3]","(-0.001, 0.2]",South Asia
285,"(3.5, 4.0]","(-0.001, 0.2]","(-0.001, 0.2]","(-0.001, 0.2]","(0.2, 0.4]","(0.1, 0.2]","(0.2, 0.4]",Sub-Saharan Africa
286,"(3.5, 4.0]","(0.2, 0.4]","(0.8, 1.0]","(0.2, 0.4]","(0.2, 0.4]","(-0.001, 0.1]","(-0.001, 0.2]",Middle East and North Africa
287,"(3.5, 4.0]","(0.4, 0.6]","(0.4, 0.6]","(0.2, 0.4]","(0.4, 0.6]","(0.3, 0.4]","(0.2, 0.4]",Sub-Saharan Africa
288,"(3.5, 4.0]","(0.2, 0.4]","(-0.001, 0.2]","(0.2, 0.4]","(0.2, 0.4]","(0.4, 0.5]","(-0.001, 0.2]",Latin America and Caribbean
289,"(3.5, 4.0]","(-0.001, 0.2]","(-0.001, 0.2]","(0.2, 0.4]","(0.4, 0.6]","(0.2, 0.3]","(-0.001, 0.2]",Sub-Saharan Africa
290,"(3.5, 4.0]","(0.4, 0.6]","(0.6, 0.8]","(-0.001, 0.2]","(0.4, 0.6]","(0.1, 0.2]","(-0.001, 0.2]",Sub-Saharan Africa
291,"(3.0, 3.5]","(1.0, 1.2]","(0.6, 0.8]","(0.2, 0.4]","(0.4, 0.6]","(-0.001, 0.1]","(-0.001, 0.2]",Sub-Saharan Africa
292,"(3.0, 3.5]","(0.2, 0.4]","(0.2, 0.4]","(0.4, 0.6]","(0.6, 0.8]","(0.2, 0.3]","(0.4, 0.6]",Sub-Saharan Africa
293,"(3.0, 3.5]","(0.4, 0.6]","(0.6, 0.8]","(0.2, 0.4]","(0.2, 0.4]","(0.1, 0.2]","(-0.001, 0.2]",Sub-Saharan Africa
294,"(2.5, 3.0]","(0.2, 0.4]","(-0.001, 0.2]","(-0.001, 0.2]","(-0.001, 0.2]","(0.1, 0.2]","(-0.001, 0.2]",South Asia
295,"(7.5, 8.0]","(1.2, 1.4]","(1.4, 1.6]","(0.8, 1.0]","(0.6, 0.8]","(0.1, 0.2]","(0.4, 0.6]",Western Europe
296,"(7.5, 8.0]","(1.2, 1.4]","(1.4, 1.6]","(0.8, 1.0]","(0.6, 0.8]","(0.2, 0.3]","(0.4, 0.6]",Western Europe
297,"(7.5, 8.0]","(1.2, 1.4]","(1.4, 1.6]","(1.0, 1.2]","(0.6, 0.8]","(0.2, 0.3]","(0.4, 0.6]",Western Europe
298,"(7.5, 8.0]","(1.2, 1.4]","(1.4, 1.6]","(1.0, 1.2]","(0.6, 0.8]","(0.3, 0.4]","(-0.001, 0.2]",Western Europe
299,"(7.0, 7.5]","(1.4, 1.6]","(1.4, 1.6]","(1.0, 1.2]","(0.6, 0.8]","(0.2, 0.3]","(0.4, 0.6]",Western Europe
300,"(7.0, 7.5]","(1.2, 1.4]","(1.4, 1.6]","(0.8, 1.0]","(0.6, 0.8]","(0.3, 0.4]","(0.2, 0.4]",Western Europe
301,"(7.0, 7.5]","(1.2, 1.4]","(1.4, 1.6]","(0.8, 1.0]","(0.6, 0.8]","(0.2, 0.3]","(0.4, 0.6]",Western Europe
302,"(7.0, 7.5]","(1.2, 1.4]","(1.4, 1.6]","(1.0, 1.2]","(0.6, 0.8]","(0.3, 0.4]","(0.4, 0.6]",North America and ANZ
303,"(7.0, 7.5]","(1.2, 1.4]","(1.4, 1.6]","(1.0, 1.2]","(0.6, 0.8]","(0.2, 0.3]","(0.2, 0.4]",Western Europe
304,"(7.0, 7.5]","(1.4, 1.6]","(1.2, 1.4]","(0.8, 1.0]","(0.6, 0.8]","(0.1, 0.2]","(0.2, 0.4]",Western Europe
305,"(7.0, 7.5]","(1.2, 1.4]","(1.4, 1.6]","(1.0, 1.2]","(0.6, 0.8]","(0.2, 0.3]","(0.2, 0.4]",North America and ANZ
306,"(7.0, 7.5]","(1.2, 1.4]","(1.4, 1.6]","(1.0, 1.2]","(0.6, 0.8]","(0.3, 0.4]","(0.2, 0.4]",North America and ANZ
307,"(7.0, 7.5]","(1.2, 1.4]","(1.4, 1.6]","(0.8, 1.0]","(0.4, 0.6]","(0.3, 0.4]","(0.2, 0.4]",Western Europe
308,"(7.0, 7.5]","(1.2, 1.4]","(1.4, 1.6]","(1.0, 1.2]","(0.4, 0.6]","(0.2, 0.3]","(-0.001, 0.2]",Middle East and North Africa
309,"(7.0, 7.5]","(0.8, 1.0]","(1.2, 1.4]","(0.8, 1.0]","(0.6, 0.8]","(0.1, 0.2]","(-0.001, 0.2]",Latin America and Caribbean
310,"(7.0, 7.5]","(1.4, 1.6]","(1.4, 1.6]","(0.8, 1.0]","(0.4, 0.6]","(0.2, 0.3]","(0.2, 0.4]",Western Europe
311,"(7.0, 7.5]","(1.2, 1.4]","(1.2, 1.4]","(0.8, 1.0]","(0.4, 0.6]","(0.2, 0.3]","(0.2, 0.4]",Western Europe
312,"(6.5, 7.0]","(1.2, 1.4]","(1.4, 1.6]","(0.8, 1.0]","(0.4, 0.6]","(0.2, 0.3]","(-0.001, 0.2]",North America and ANZ
313,"(6.5, 7.0]","(1.2, 1.4]","(1.4, 1.6]","(0.8, 1.0]","(0.4, 0.6]","(-0.001, 0.1]","(-0.001, 0.2]",Central and Eastern Europe
314,"(6.5, 7.0]","(1.2, 1.4]","(1.2, 1.4]","(0.8, 1.0]","(0.4, 0.6]","(0.1, 0.2]","(0.2, 0.4]",Western Europe
315,"(6.5, 7.0]","(1.4, 1.6]","(1.2, 1.4]","(0.6, 0.8]","(0.6, 0.8]","(0.2, 0.3]","(0.2, 0.4]",Middle East and North Africa
316,"(6.5, 7.0]","(1.2, 1.4]","(1.4, 1.6]","(0.8, 1.0]","(0.6, 0.8]","(0.3, 0.4]","(-0.001, 0.2]",Western Europe
317,"(6.5, 7.0]","(1.2, 1.4]","(1.4, 1.6]","(1.0, 1.2]","(0.4, 0.6]","(0.1, 0.2]","(0.2, 0.4]",Western Europe
318,"(6.0, 6.5]","(1.0, 1.2]","(1.2, 1.4]","(0.8, 1.0]","(0.4, 0.6]","(-0.001, 0.1]","(-0.001, 0.2]",Latin America and Caribbean
319,"(6.0, 6.5]","(1.2, 1.4]","(1.2, 1.4]","(0.8, 1.0]","(0.4, 0.6]","(0.1, 0.2]","(-0.001, 0.2]",East Asia
320,"(6.0, 6.5]","(1.0, 1.2]","(1.4, 1.6]","(0.8, 1.0]","(0.4, 0.6]","(0.1, 0.2]","(-0.001, 0.2]",Latin America and Caribbean
321,"(6.0, 6.5]","(1.2, 1.4]","(1.2, 1.4]","(0.6, 0.8]","(0.4, 0.6]","(-0.001, 0.1]","(-0.001, 0.2]",Middle East and North Africa
322,"(6.0, 6.5]","(1.2, 1.4]","(1.4, 1.6]","(1.0, 1.2]","(0.4, 0.6]","(0.1, 0.2]","(-0.001, 0.2]",Western Europe
323,"(6.0, 6.5]","(0.6, 0.8]","(1.0, 1.2]","(0.6, 0.8]","(0.6, 0.8]","(0.1, 0.2]","(-0.001, 0.2]",Latin America and Caribbean
324,"(6.0, 6.5]","(1.2, 1.4]","(1.2, 1.4]","(1.0, 1.2]","(0.2, 0.4]","(0.1, 0.2]","(-0.001, 0.2]",Western Europe
325,"(6.0, 6.5]","(1.4, 1.6]","(1.2, 1.4]","(1.0, 1.2]","(0.6, 0.8]","(0.2, 0.3]","(0.4, 0.6]",Southeast Asia
326,"(6.0, 6.5]","(0.8, 1.0]","(1.2, 1.4]","(0.6, 0.8]","(0.4, 0.6]","(0.1, 0.2]","(-0.001, 0.2]",Latin America and Caribbean
327,"(6.0, 6.5]","(1.2, 1.4]","(1.4, 1.6]","(0.8, 1.0]","(0.6, 0.8]","(0.1, 0.2]","(-0.001, 0.2]",Central and Eastern Europe
328,"(6.0, 6.5]","(0.6, 0.8]","(1.0, 1.2]","(0.6, 0.8]","(0.4, 0.6]","(0.1, 0.2]","(-0.001, 0.2]",Latin America and Caribbean
329,"(6.0, 6.5]","(0.8, 1.0]","(1.0, 1.2]","(0.6, 0.8]","(0.4, 0.6]","(0.3, 0.4]","(-0.001, 0.2]",Central and Eastern Europe
330,"(6.0, 6.5]","(1.0, 1.2]","(1.2, 1.4]","(0.8, 1.0]","(0.4, 0.6]","(-0.001, 0.1]","(-0.001, 0.2]",Latin America and Caribbean
331,"(6.0, 6.5]","(1.0, 1.2]","(1.4, 1.6]","(0.8, 1.0]","(0.4, 0.6]","(0.1, 0.2]","(-0.001, 0.2]",Central and Eastern Europe
332,"(6.0, 6.5]","(0.6, 0.8]","(1.4, 1.6]","(0.6, 0.8]","(0.6, 0.8]","(0.3, 0.4]","(0.2, 0.4]",Commonwealth of Independent States
333,"(6.0, 6.5]","(1.0, 1.2]","(1.2, 1.4]","(0.8, 1.0]","(0.4, 0.6]","(0.1, 0.2]","(-0.001, 0.2]",Latin America and Caribbean
334,"(6.0, 6.5]","(1.2, 1.4]","(1.2, 1.4]","(0.8, 1.0]","(0.6, 0.8]","(0.2, 0.3]","(-0.001, 0.2]",Middle East and North Africa
335,"(6.0, 6.5]","(1.0, 1.2]","(1.4, 1.6]","(0.6, 0.8]","(0.4, 0.6]","(-0.001, 0.1]","(-0.001, 0.2]",Central and Eastern Europe
336,"(6.0, 6.5]","(1.0, 1.2]","(1.4, 1.6]","(0.6, 0.8]","(0.4, 0.6]","(0.1, 0.2]","(-0.001, 0.2]",Latin America and Caribbean
337,"(6.0, 6.5]","(1.0, 1.2]","(1.2, 1.4]","(0.8, 1.0]","(0.4, 0.6]","(-0.001, 0.1]","(-0.001, 0.2]",Central and Eastern Europe
338,"(6.0, 6.5]","(0.8, 1.0]","(1.2, 1.4]","(0.8, 1.0]","(0.4, 0.6]","(-0.001, 0.1]","(-0.001, 0.2]",Latin America and Caribbean
339,"(6.0, 6.5]","(1.2, 1.4]","(1.0, 1.2]","(1.0, 1.2]","(0.4, 0.6]","(0.2, 0.3]","(-0.001, 0.2]",Western Europe
340,"(6.0, 6.5]","(0.6, 0.8]","(1.2, 1.4]","(0.8, 1.0]","(0.4, 0.6]","(0.2, 0.3]","(-0.001, 0.2]",Latin America and Caribbean
341,"(6.0, 6.5]","(1.0, 1.2]","(1.0, 1.2]","(0.6, 0.8]","(0.4, 0.6]","(-0.001, 0.1]","(-0.001, 0.2]",Central and Eastern Europe
342,"(6.0, 6.5]","(1.4, 1.6]","(1.2, 1.4]","(0.6, 0.8]","(0.4, 0.6]","(0.1, 0.2]","(-0.001, 0.2]",Middle East and North Africa
343,"(6.0, 6.5]","(1.0, 1.2]","(1.2, 1.4]","(0.6, 0.8]","(0.4, 0.6]","(0.1, 0.2]","(-0.001, 0.2]",Sub-Saharan Africa
344,"(6.0, 6.5]","(1.0, 1.2]","(1.4, 1.6]","(0.6, 0.8]","(0.4, 0.6]","(0.1, 0.2]","(-0.001, 0.2]",Commonwealth of Independent States
345,"(6.0, 6.5]","(1.0, 1.2]","(1.4, 1.6]","(0.8, 1.0]","(0.4, 0.6]","(0.1, 0.2]","(0.2, 0.4]",Central and Eastern Europe
346,"(6.0, 6.5]","(0.6, 0.8]","(1.2, 1.4]","(0.6, 0.8]","(0.6, 0.8]","(0.1, 0.2]","(-0.001, 0.2]",Southeast Asia
347,"(6.0, 6.5]","(1.0, 1.2]","(1.4, 1.6]","(0.8, 1.0]","(0.2, 0.4]","(-0.001, 0.1]","(-0.001, 0.2]",Central and Eastern Europe
348,"(5.5, 6.0]","(1.0, 1.2]","(1.2, 1.4]","(0.6, 0.8]","(0.6, 0.8]","(0.3, 0.4]","(-0.001, 0.2]",Southeast Asia
349,"(5.5, 6.0]","(1.0, 1.2]","(1.2, 1.4]","(0.8, 1.0]","(0.4, 0.6]","(-0.001, 0.1]","(-0.001, 0.2]",Latin America and Caribbean
350,"(5.5, 6.0]","(0.4, 0.6]","(1.0, 1.2]","(0.6, 0.8]","(0.4, 0.6]","(0.2, 0.3]","(-0.001, 0.2]",Latin America and Caribbean
351,"(5.5, 6.0]","(1.0, 1.2]","(1.4, 1.6]","(0.6, 0.8]","(0.2, 0.4]","(-0.001, 0.1]","(-0.001, 0.2]",Central and Eastern Europe
352,"(5.5, 6.0]","(0.8, 1.0]","(1.2, 1.4]","(0.8, 1.0]","(0.4, 0.6]","(0.1, 0.2]","(-0.001, 0.2]",Latin America and Caribbean
353,"(5.5, 6.0]","(1.0, 1.2]","(1.2, 1.4]","(0.8, 1.0]","(0.4, 0.6]","(-0.001, 0.1]","(-0.001, 0.2]",Western Europe
354,"(5.5, 6.0]","(0.6, 0.8]","(1.4, 1.6]","(0.6, 0.8]","(0.4, 0.6]","(0.1, 0.2]","(-0.001, 0.2]",Latin America and Caribbean
355,"(5.5, 6.0]","(1.2, 1.4]","(1.0, 1.2]","(1.0, 1.2]","(0.2, 0.4]","(0.1, 0.2]","(-0.001, 0.2]",East Asia
356,"(5.5, 6.0]","(1.2, 1.4]","(1.2, 1.4]","(1.0, 1.2]","(0.4, 0.6]","(-0.001, 0.1]","(-0.001, 0.2]",East Asia
357,"(5.5, 6.0]","(0.8, 1.0]","(1.2, 1.4]","(0.8, 1.0]","(0.4, 0.6]","(-0.001, 0.1]","(-0.001, 0.2]",Latin America and Caribbean
358,"(5.5, 6.0]","(0.8, 1.0]","(1.2, 1.4]","(0.8, 1.0]","(0.2, 0.4]","(0.1, 0.2]","(-0.001, 0.2]",Central and Eastern Europe
359,"(5.5, 6.0]","(0.6, 0.8]","(1.0, 1.2]","(0.6, 0.8]","(0.4, 0.6]","(0.1, 0.2]","(-0.001, 0.2]",Latin America and Caribbean
360,"(5.5, 6.0]","(0.6, 0.8]","(0.8, 1.0]","(0.4, 0.6]","(0.4, 0.6]","(0.2, 0.3]","(-0.001, 0.2]",South Asia
361,"(5.5, 6.0]","(0.8, 1.0]","(1.2, 1.4]","(0.6, 0.8]","(0.4, 0.6]","(0.2, 0.3]","(-0.001, 0.2]",Latin America and Caribbean
362,"(5.5, 6.0]","(0.8, 1.0]","(1.2, 1.4]","(0.6, 0.8]","(0.4, 0.6]","(0.1, 0.2]","(-0.001, 0.2]",Latin America and Caribbean
363,"(5.5, 6.0]","(0.8, 1.0]","(1.2, 1.4]","(0.8, 1.0]","(0.2, 0.4]","(0.2, 0.3]","(-0.001, 0.2]",Central and Eastern Europe
364,"(5.5, 6.0]","(0.6, 0.8]","(1.2, 1.4]","(0.6, 0.8]","(0.2, 0.4]","(0.1, 0.2]","(-0.001, 0.2]",Commonwealth of Independent States
365,"(5.5, 6.0]","(0.4, 0.6]","(1.2, 1.4]","(0.6, 0.8]","(0.4, 0.6]","(0.1, 0.2]","(0.2, 0.4]",Commonwealth of Independent States
366,"(5.5, 6.0]","(1.0, 1.2]","(1.2, 1.4]","(0.8, 1.0]","(0.2, 0.4]","(0.1, 0.2]","(-0.001, 0.2]",Central and Eastern Europe
367,"(5.5, 6.0]","(1.0, 1.2]","(1.2, 1.4]","(0.6, 0.8]","(0.2, 0.4]","(-0.001, 0.1]","(-0.001, 0.2]",Commonwealth of Independent States
368,"(5.5, 6.0]","(0.4, 0.6]","(1.2, 1.4]","(0.6, 0.8]","(0.6, 0.8]","(0.3, 0.4]","(-0.001, 0.2]",Commonwealth of Independent States
369,"(5.5, 6.0]","(1.0, 1.2]","(1.2, 1.4]","(0.6, 0.8]","(0.2, 0.4]","(-0.001, 0.1]","(-0.001, 0.2]",Commonwealth of Independent States
370,"(5.5, 6.0]","(1.2, 1.4]","(1.0, 1.2]","(1.0, 1.2]","(0.4, 0.6]","(0.1, 0.2]","(-0.001, 0.2]",Western Europe
371,"(5.5, 6.0]","(1.0, 1.2]","(1.0, 1.2]","(0.8, 1.0]","(-0.001, 0.2]","(-0.001, 0.1]","(-0.001, 0.2]",Western Europe
372,"(5.5, 6.0]","(1.2, 1.4]","(1.2, 1.4]","(1.0, 1.2]","(0.4, 0.6]","(0.2, 0.3]","(0.2, 0.4]",East Asia
373,"(5.5, 6.0]","(1.0, 1.2]","(1.2, 1.4]","(0.8, 1.0]","(0.2, 0.4]","(0.1, 0.2]","(-0.001, 0.2]",Central and Eastern Europe
374,"(5.0, 5.5]","(1.0, 1.2]","(1.0, 1.2]","(0.6, 0.8]","(0.4, 0.6]","(0.1, 0.2]","(-0.001, 0.2]",Middle East and North Africa
375,"(5.0, 5.5]","(0.8, 1.0]","(1.4, 1.6]","(0.6, 0.8]","(0.2, 0.4]","(0.2, 0.3]","(-0.001, 0.2]",East Asia
376,"(5.0, 5.5]","(1.0, 1.2]","(1.0, 1.2]","(0.6, 0.8]","(0.4, 0.6]","(0.2, 0.3]","(-0.001, 0.2]",Southeast Asia
377,"(5.0, 5.5]","(0.6, 0.8]","(1.2, 1.4]","(0.8, 1.0]","(0.6, 0.8]","(0.1, 0.2]","(-0.001, 0.2]",Southeast Asia
378,"(5.0, 5.5]","(0.8, 1.0]","(1.0, 1.2]","(0.6, 0.8]","(0.4, 0.6]","(0.5, 0.6]","(-0.001, 0.2]",Southeast Asia
379,"(5.0, 5.5]","(0.4, 0.6]","(0.6, 0.8]","(-0.001, 0.2]","(0.2, 0.4]","(0.1, 0.2]","(-0.001, 0.2]",Sub-Saharan Africa
380,"(5.0, 5.5]","(0.2, 0.4]","(0.2, 0.4]","(0.2, 0.4]","(0.4, 0.6]","(0.1, 0.2]","(-0.001, 0.2]",Sub-Saharan Africa
381,"(5.0, 5.5]","(0.8, 1.0]","(1.4, 1.6]","(0.8, 1.0]","(0.4, 0.6]","(0.2, 0.3]","(-0.001, 0.2]",South Asia
382,"(5.0, 5.5]","(0.6, 0.8]","(0.6, 0.8]","(0.4, 0.6]","(0.2, 0.4]","(0.1, 0.2]","(-0.001, 0.2]",Sub-Saharan Africa
383,"(5.0, 5.5]","(0.8, 1.0]","(1.0, 1.2]","(0.6, 0.8]","(0.4, 0.6]","(-0.001, 0.1]","(0.2, 0.4]",Commonwealth of Independent States
384,"(5.0, 5.5]","(0.8, 1.0]","(1.0, 1.2]","(0.8, 1.0]","(0.4, 0.6]","(0.1, 0.2]","(-0.001, 0.2]",Central and Eastern Europe
385,"(5.0, 5.5]","(0.4, 0.6]","(0.8, 1.0]","(0.4, 0.6]","(0.4, 0.6]","(0.2, 0.3]","(-0.001, 0.2]",Sub-Saharan Africa
386,"(5.0, 5.5]","(0.4, 0.6]","(1.0, 1.2]","(0.6, 0.8]","(0.4, 0.6]","(0.3, 0.4]","(-0.001, 0.2]",South Asia
387,"(5.0, 5.5]","(1.0, 1.2]","(1.0, 1.2]","(0.6, 0.8]","(0.2, 0.4]","(-0.001, 0.1]","(-0.001, 0.2]",Middle East and North Africa
388,"(5.0, 5.5]","(0.8, 1.0]","(1.0, 1.2]","(0.8, 1.0]","(0.6, 0.8]","(-0.001, 0.1]","(-0.001, 0.2]",East Asia
389,"(5.0, 5.5]","(1.0, 1.2]","(1.4, 1.6]","(0.6, 0.8]","(0.4, 0.6]","(0.3, 0.4]","(-0.001, 0.2]",Commonwealth of Independent States
390,"(5.0, 5.5]","(1.0, 1.2]","(1.4, 1.6]","(0.6, 0.8]","(0.4, 0.6]","(0.1, 0.2]","(-0.001, 0.2]",Central and Eastern Europe
391,"(5.0, 5.5]","(0.6, 0.8]","(0.6, 0.8]","(0.6, 0.8]","(0.4, 0.6]","(-0.001, 0.1]","(-0.001, 0.2]",Middle East and North Africa
392,"(5.0, 5.5]","(0.4, 0.6]","(0.8, 1.0]","(0.2, 0.4]","(0.4, 0.6]","(0.1, 0.2]","(-0.001, 0.2]",Sub-Saharan Africa
393,"(5.0, 5.5]","(0.6, 0.8]","(1.2, 1.4]","(0.6, 0.8]","(0.2, 0.4]","(-0.001, 0.1]","(-0.001, 0.2]",Latin America and Caribbean
394,"(5.0, 5.5]","(0.8, 1.0]","(1.0, 1.2]","(0.6, 0.8]","(-0.001, 0.2]","(0.1, 0.2]","(-0.001, 0.2]",Middle East and North Africa
395,"(4.5, 5.0]","(0.4, 0.6]","(0.8, 1.0]","(0.4, 0.6]","(0.2, 0.4]","(0.1, 0.2]","(-0.001, 0.2]",Sub-Saharan Africa
396,"(4.5, 5.0]","(0.2, 0.4]","(0.6, 0.8]","(0.2, 0.4]","(0.2, 0.4]","(0.2, 0.3]","(-0.001, 0.2]",Sub-Saharan Africa
397,"(4.5, 5.0]","(-0.001, 0.2]","(0.6, 0.8]","(0.2, 0.4]","(0.4, 0.6]","(0.2, 0.3]","(-0.001, 0.2]",Sub-Saharan Africa
398,"(4.5, 5.0]","(0.6, 0.8]","(0.8, 1.0]","(0.4, 0.6]","(0.6, 0.8]","(0.2, 0.3]","(-0.001, 0.2]",Southeast Asia
399,"(4.5, 5.0]","(0.8, 1.0]","(0.8, 1.0]","(0.8, 1.0]","(0.4, 0.6]","(0.1, 0.2]","(-0.001, 0.2]",Central and Eastern Europe
400,"(4.5, 5.0]","(0.4, 0.6]","(1.0, 1.2]","(0.4, 0.6]","(0.6, 0.8]","(0.2, 0.3]","(-0.001, 0.2]",Southeast Asia
401,"(4.5, 5.0]","(0.4, 0.6]","(0.8, 1.0]","(0.6, 0.8]","(0.6, 0.8]","(0.1, 0.2]","(-0.001, 0.2]",South Asia
402,"(4.5, 5.0]","(0.8, 1.0]","(1.0, 1.2]","(0.4, 0.6]","(0.2, 0.4]","(-0.001, 0.1]","(-0.001, 0.2]",Sub-Saharan Africa
403,"(4.5, 5.0]","(0.8, 1.0]","(1.2, 1.4]","(0.4, 0.6]","(0.4, 0.6]","(0.1, 0.2]","(-0.001, 0.2]",Sub-Saharan Africa
404,"(4.5, 5.0]","(0.8, 1.0]","(1.0, 1.2]","(0.4, 0.6]","(0.2, 0.4]","(0.1, 0.2]","(-0.001, 0.2]",Middle East and North Africa
405,"(4.5, 5.0]","(0.8, 1.0]","(1.0, 1.2]","(0.6, 0.8]","(-0.001, 0.2]","(0.1, 0.2]","(-0.001, 0.2]",Middle East and North Africa
406,"(4.5, 5.0]","(0.2, 0.4]","(0.8, 1.0]","(0.2, 0.4]","(0.2, 0.4]","(0.1, 0.2]","(-0.001, 0.2]",Sub-Saharan Africa
407,"(4.5, 5.0]","(0.2, 0.4]","(0.8, 1.0]","(0.2, 0.4]","(0.4, 0.6]","(0.4, 0.5]","(-0.001, 0.2]",Sub-Saharan Africa
408,"(4.5, 5.0]","(0.2, 0.4]","(0.8, 1.0]","(0.2, 0.4]","(0.2, 0.4]","(0.1, 0.2]","(-0.001, 0.2]",Sub-Saharan Africa
409,"(4.5, 5.0]","(0.6, 0.8]","(0.8, 1.0]","(-0.001, 0.2]","(0.4, 0.6]","(0.2, 0.3]","(-0.001, 0.2]",Sub-Saharan Africa
410,"(4.5, 5.0]","(0.8, 1.0]","(1.0, 1.2]","(0.6, 0.8]","(0.2, 0.4]","(0.1, 0.2]","(-0.001, 0.2]",Commonwealth of Independent States
411,"(4.5, 5.0]","(0.8, 1.0]","(0.6, 0.8]","(0.6, 0.8]","(0.4, 0.6]","(-0.001, 0.1]","(-0.001, 0.2]",Commonwealth of Independent States
412,"(4.5, 5.0]","(1.0, 1.2]","(0.8, 1.0]","(0.6, 0.8]","(0.2, 0.4]","(0.2, 0.3]","(-0.001, 0.2]",Middle East and North Africa
413,"(4.5, 5.0]","(0.6, 0.8]","(1.0, 1.2]","(0.6, 0.8]","(0.4, 0.6]","(-0.001, 0.1]","(-0.001, 0.2]",Middle East and North Africa
414,"(4.5, 5.0]","(-0.001, 0.2]","(0.8, 1.0]","(0.2, 0.4]","(0.4, 0.6]","(0.2, 0.3]","(-0.001, 0.2]",Sub-Saharan Africa
415,"(4.5, 5.0]","(0.4, 0.6]","(0.8, 1.0]","(0.4, 0.6]","(0.4, 0.6]","(0.3, 0.4]","(-0.001, 0.2]",Sub-Saharan Africa
416,"(4.5, 5.0]","(0.8, 1.0]","(1.2, 1.4]","(0.4, 0.6]","(0.4, 0.6]","(-0.001, 0.1]","(-0.001, 0.2]",Sub-Saharan Africa
417,"(4.5, 5.0]","(0.6, 0.8]","(1.2, 1.4]","(0.6, 0.8]","(0.2, 0.4]","(0.1, 0.2]","(-0.001, 0.2]",Commonwealth of Independent States
418,"(4.5, 5.0]","(-0.001, 0.2]","(0.8, 1.0]","(0.2, 0.4]","(0.4, 0.6]","(0.2, 0.3]","(-0.001, 0.2]",Sub-Saharan Africa
419,"(4.5, 5.0]","(0.4, 0.6]","(1.0, 1.2]","(0.6, 0.8]","(0.2, 0.4]","(-0.001, 0.1]","(-0.001, 0.2]",Middle East and North Africa
420,"(4.0, 4.5]","(0.2, 0.4]","(1.0, 1.2]","(0.2, 0.4]","(0.4, 0.6]","(0.2, 0.3]","(-0.001, 0.2]",Sub-Saharan Africa
421,"(4.0, 4.5]","(0.2, 0.4]","(0.6, 0.8]","(-0.001, 0.2]","(0.2, 0.4]","(0.2, 0.3]","(-0.001, 0.2]",Sub-Saharan Africa
422,"(4.0, 4.5]","(0.8, 1.0]","(0.8, 1.0]","(0.6, 0.8]","(0.2, 0.4]","(-0.001, 0.1]","(-0.001, 0.2]",Middle East and North Africa
423,"(4.0, 4.5]","(0.4, 0.6]","(1.0, 1.2]","(0.4, 0.6]","(-0.001, 0.2]","(0.1, 0.2]","(-0.001, 0.2]",Sub-Saharan Africa
424,"(4.0, 4.5]","(0.8, 1.0]","(1.0, 1.2]","(0.6, 0.8]","(0.4, 0.6]","(0.2, 0.3]","(-0.001, 0.2]",South Asia
425,"(4.0, 4.5]","(-0.001, 0.2]","(0.8, 1.0]","(0.2, 0.4]","(0.2, 0.4]","(0.2, 0.3]","(-0.001, 0.2]",Sub-Saharan Africa
426,"(4.0, 4.5]","(0.8, 1.0]","(1.0, 1.2]","(0.2, 0.4]","(0.2, 0.4]","(-0.001, 0.1]","(-0.001, 0.2]",Sub-Saharan Africa
427,"(4.0, 4.5]","(0.6, 0.8]","(1.0, 1.2]","(0.4, 0.6]","(0.4, 0.6]","(0.5, 0.6]","(-0.001, 0.2]",Southeast Asia
428,"(4.0, 4.5]","(0.4, 0.6]","(0.6, 0.8]","(0.4, 0.6]","(-0.001, 0.2]","(0.2, 0.3]","(-0.001, 0.2]",Sub-Saharan Africa
429,"(4.0, 4.5]","(0.2, 0.4]","(0.4, 0.6]","(0.2, 0.4]","(0.2, 0.4]","(0.2, 0.3]","(-0.001, 0.2]",Sub-Saharan Africa
430,"(4.0, 4.5]","(0.2, 0.4]","(1.0, 1.2]","(0.4, 0.6]","(0.4, 0.6]","(0.2, 0.3]","(-0.001, 0.2]",Sub-Saharan Africa
431,"(4.0, 4.5]","(0.2, 0.4]","(0.8, 1.0]","(0.4, 0.6]","(-0.001, 0.2]","(0.1, 0.2]","(-0.001, 0.2]",Sub-Saharan Africa
432,"(4.0, 4.5]","(0.8, 1.0]","(0.8, 1.0]","(0.4, 0.6]","(0.2, 0.4]","(-0.001, 0.1]","(-0.001, 0.2]",Middle East and North Africa
433,"(3.5, 4.0]","(0.2, 0.4]","(0.6, 0.8]","(0.2, 0.4]","(0.2, 0.4]","(0.2, 0.3]","(-0.001, 0.2]",Sub-Saharan Africa
434,"(3.5, 4.0]","(-0.001, 0.2]","(0.4, 0.6]","(0.2, 0.4]","(0.2, 0.4]","(0.1, 0.2]","(0.2, 0.4]",Sub-Saharan Africa
435,"(3.5, 4.0]","(0.4, 0.6]","(0.8, 1.0]","(0.2, 0.4]","(0.4, 0.6]","(0.2, 0.3]","(-0.001, 0.2]",Sub-Saharan Africa
436,"(3.5, 4.0]","(0.2, 0.4]","(0.6, 0.8]","(0.2, 0.4]","(-0.001, 0.2]","(0.4, 0.5]","(-0.001, 0.2]",Latin America and Caribbean
437,"(3.5, 4.0]","(0.4, 0.6]","(1.0, 1.2]","(-0.001, 0.2]","(0.4, 0.6]","(0.1, 0.2]","(-0.001, 0.2]",Sub-Saharan Africa
438,"(3.5, 4.0]","(0.6, 0.8]","(0.6, 0.8]","(0.4, 0.6]","(0.4, 0.6]","(0.2, 0.3]","(-0.001, 0.2]",South Asia
439,"(3.5, 4.0]","(-0.001, 0.2]","(0.4, 0.6]","(0.4, 0.6]","(0.4, 0.6]","(0.2, 0.3]","(-0.001, 0.2]",Sub-Saharan Africa
440,"(3.5, 4.0]","(0.2, 0.4]","(1.0, 1.2]","(0.4, 0.6]","(0.2, 0.4]","(-0.001, 0.1]","(-0.001, 0.2]",Middle East and North Africa
441,"(3.0, 3.5]","(0.8, 1.0]","(1.0, 1.2]","(0.4, 0.6]","(0.4, 0.6]","(-0.001, 0.1]","(-0.001, 0.2]",Sub-Saharan Africa
442,"(3.0, 3.5]","(0.4, 0.6]","(0.8, 1.0]","(0.4, 0.6]","(0.4, 0.6]","(0.2, 0.3]","(0.2, 0.4]",Sub-Saharan Africa
443,"(3.0, 3.5]","(-0.001, 0.2]","(-0.001, 0.2]","(-0.001, 0.2]","(0.2, 0.4]","(0.2, 0.3]","(-0.001, 0.2]",Sub-Saharan Africa
444,"(3.0, 3.5]","(0.2, 0.4]","(0.4, 0.6]","(0.4, 0.6]","(0.6, 0.8]","(0.2, 0.3]","(0.4, 0.6]",Sub-Saharan Africa
445,"(3.0, 3.5]","(0.4, 0.6]","(1.0, 1.2]","(0.2, 0.4]","(0.2, 0.4]","(0.1, 0.2]","(-0.001, 0.2]",Sub-Saharan Africa
446,"(2.5, 3.0]","(0.2, 0.4]","(0.4, 0.6]","(0.2, 0.4]","(-0.001, 0.2]","(0.2, 0.3]","(-0.001, 0.2]",Sub-Saharan Africa
447,"(2.5, 3.0]","(0.2, 0.4]","(0.2, 0.4]","(0.2, 0.4]","(-0.001, 0.2]","(0.1, 0.2]","(-0.001, 0.2]",South Asia
448,"(7.5, 8.0]","(1.2, 1.4]","(1.4, 1.6]","(0.8, 1.0]","(0.4, 0.6]","(0.1, 0.2]","(0.2, 0.4]",Western Europe
449,"(7.5, 8.0]","(1.2, 1.4]","(1.4, 1.6]","(0.8, 1.0]","(0.4, 0.6]","(0.2, 0.3]","(0.4, 0.6]",Western Europe
450,"(7.5, 8.0]","(1.4, 1.6]","(1.4, 1.6]","(1.0, 1.2]","(0.6, 0.8]","(0.2, 0.3]","(0.2, 0.4]",Western Europe
451,"(7.0, 7.5]","(1.2, 1.4]","(1.6, 1.8]","(1.0, 1.2]","(0.4, 0.6]","(0.3, 0.4]","(-0.001, 0.2]",Western Europe
452,"(7.0, 7.5]","(1.2, 1.4]","(1.4, 1.6]","(0.8, 1.0]","(0.4, 0.6]","(0.3, 0.4]","(0.2, 0.4]",Western Europe
453,"(7.0, 7.5]","(1.4, 1.6]","(1.4, 1.6]","(1.0, 1.2]","(0.4, 0.6]","(0.2, 0.3]","(0.2, 0.4]",Western Europe
454,"(7.0, 7.5]","(1.2, 1.4]","(1.4, 1.6]","(1.0, 1.2]","(0.4, 0.6]","(0.2, 0.3]","(0.2, 0.4]",Western Europe
455,"(7.0, 7.5]","(1.2, 1.4]","(1.4, 1.6]","(1.0, 1.2]","(0.4, 0.6]","(0.3, 0.4]","(0.2, 0.4]",North America and ANZ
456,"(7.0, 7.5]","(1.2, 1.4]","(1.4, 1.6]","(1.0, 1.2]","(0.4, 0.6]","(0.2, 0.3]","(0.2, 0.4]",North America and ANZ
457,"(7.0, 7.5]","(1.2, 1.4]","(1.4, 1.6]","(1.0, 1.2]","(0.4, 0.6]","(0.2, 0.3]","(0.2, 0.4]",Western Europe
458,"(7.0, 7.5]","(1.2, 1.4]","(1.4, 1.6]","(1.0, 1.2]","(0.4, 0.6]","(0.3, 0.4]","(0.2, 0.4]",North America and ANZ
459,"(7.0, 7.5]","(1.0, 1.2]","(1.4, 1.6]","(0.8, 1.0]","(0.4, 0.6]","(0.1, 0.2]","(-0.001, 0.2]",Latin America and Caribbean
460,"(7.0, 7.5]","(1.2, 1.4]","(1.4, 1.6]","(1.0, 1.2]","(0.2, 0.4]","(0.2, 0.3]","(-0.001, 0.2]",Middle East and North Africa
461,"(7.0, 7.5]","(1.6, 1.8]","(1.4, 1.6]","(1.0, 1.2]","(0.4, 0.6]","(0.1, 0.2]","(0.2, 0.4]",Western Europe
462,"(7.0, 7.5]","(1.2, 1.4]","(1.4, 1.6]","(0.8, 1.0]","(0.4, 0.6]","(0.3, 0.4]","(0.2, 0.4]",Western Europe
463,"(7.0, 7.5]","(1.4, 1.6]","(1.4, 1.6]","(0.8, 1.0]","(0.4, 0.6]","(0.2, 0.3]","(0.2, 0.4]",Western Europe
464,"(6.5, 7.0]","(1.2, 1.4]","(1.4, 1.6]","(0.8, 1.0]","(0.4, 0.6]","(0.2, 0.3]","(0.2, 0.4]",Western Europe
465,"(6.5, 7.0]","(1.2, 1.4]","(1.4, 1.6]","(0.8, 1.0]","(0.4, 0.6]","(0.1, 0.2]","(0.2, 0.4]",Western Europe
466,"(6.5, 7.0]","(1.4, 1.6]","(1.4, 1.6]","(0.8, 1.0]","(0.4, 0.6]","(0.2, 0.3]","(-0.001, 0.2]",North America and ANZ
467,"(6.5, 7.0]","(1.2, 1.4]","(1.4, 1.6]","(0.8, 1.0]","(0.4, 0.6]","(-0.001, 0.1]","(-0.001, 0.2]",Central and Eastern Europe
468,"(6.5, 7.0]","(1.4, 1.6]","(1.2, 1.4]","(0.8, 1.0]","(0.4, 0.6]","(0.2, 0.3]","(-0.001, 0.2]",Middle East and North Africa
469,"(6.5, 7.0]","(1.2, 1.4]","(1.4, 1.6]","(0.8, 1.0]","(0.4, 0.6]","(0.3, 0.4]","(-0.001, 0.2]",Western Europe
470,"(6.5, 7.0]","(1.0, 1.2]","(1.2, 1.4]","(0.8, 1.0]","(0.4, 0.6]","(-0.001, 0.1]","(-0.001, 0.2]",Latin America and Caribbean
471,"(6.5, 7.0]","(1.2, 1.4]","(1.4, 1.6]","(1.0, 1.2]","(0.4, 0.6]","(0.1, 0.2]","(-0.001, 0.2]",Western Europe
473,"(6.0, 6.5]","(1.0, 1.2]","(1.2, 1.4]","(0.8, 1.0]","(0.2, 0.4]","(0.1, 0.2]","(-0.001, 0.2]",Latin America and Caribbean
474,"(6.0, 6.5]","(0.6, 0.8]","(1.2, 1.4]","(0.6, 0.8]","(0.4, 0.6]","(0.1, 0.2]","(-0.001, 0.2]",Latin America and Caribbean
475,"(6.0, 6.5]","(1.4, 1.6]","(1.2, 1.4]","(0.6, 0.8]","(0.4, 0.6]","(-0.001, 0.1]","(-0.001, 0.2]",Middle East and North Africa
477,"(6.0, 6.5]","(1.2, 1.4]","(1.4, 1.6]","(1.0, 1.2]","(0.2, 0.4]","(0.1, 0.2]","(-0.001, 0.2]",Western Europe
478,"(6.0, 6.5]","(1.0, 1.2]","(1.4, 1.6]","(0.8, 1.0]","(0.4, 0.6]","(0.1, 0.2]","(-0.001, 0.2]",Latin America and Caribbean
479,"(6.0, 6.5]","(1.0, 1.2]","(1.4, 1.6]","(0.8, 1.0]","(0.2, 0.4]","(-0.001, 0.1]","(-0.001, 0.2]",Latin America and Caribbean
480,"(6.0, 6.5]","(1.0, 1.2]","(1.4, 1.6]","(0.8, 1.0]","(0.4, 0.6]","(0.1, 0.2]","(-0.001, 0.2]",Latin America and Caribbean
481,"(6.0, 6.5]","(1.4, 1.6]","(1.4, 1.6]","(1.0, 1.2]","(0.4, 0.6]","(0.2, 0.3]","(0.4, 0.6]",Southeast Asia
482,"(6.0, 6.5]","(0.6, 0.8]","(1.2, 1.4]","(0.6, 0.8]","(0.4, 0.6]","(-0.001, 0.1]","(-0.001, 0.2]",Latin America and Caribbean
483,"(6.0, 6.5]","(1.2, 1.4]","(1.4, 1.6]","(1.0, 1.2]","(0.2, 0.4]","(0.1, 0.2]","(-0.001, 0.2]",Western Europe
484,"(6.0, 6.5]","(1.2, 1.4]","(1.2, 1.4]","(0.8, 1.0]","(0.4, 0.6]","(0.2, 0.3]","(-0.001, 0.2]",Middle East and North Africa
485,"(6.0, 6.5]","(1.2, 1.4]","(1.4, 1.6]","(0.8, 1.0]","(0.2, 0.4]","(0.1, 0.2]","(-0.001, 0.2]",Central and Eastern Europe
487,"(6.0, 6.5]","(1.2, 1.4]","(1.4, 1.6]","(0.8, 1.0]","(0.4, 0.6]","(0.1, 0.2]","(-0.001, 0.2]",Central and Eastern Europe
488,"(6.0, 6.5]","(0.6, 0.8]","(1.4, 1.6]","(0.6, 0.8]","(0.6, 0.8]","(0.3, 0.4]","(0.2, 0.4]",Commonwealth of Independent States
489,"(6.0, 6.5]","(1.2, 1.4]","(1.4, 1.6]","(0.8, 1.0]","(0.2, 0.4]","(-0.001, 0.1]","(-0.001, 0.2]",Central and Eastern Europe
490,"(6.0, 6.5]","(0.8, 1.0]","(1.4, 1.6]","(0.8, 1.0]","(0.4, 0.6]","(-0.001, 0.1]","(-0.001, 0.2]",Latin America and Caribbean
491,"(6.0, 6.5]","(1.2, 1.4]","(1.4, 1.6]","(0.8, 1.0]","(0.4, 0.6]","(0.1, 0.2]","(-0.001, 0.2]",Central and Eastern Europe
492,"(6.0, 6.5]","(0.6, 0.8]","(1.2, 1.4]","(0.8, 1.0]","(0.4, 0.6]","(0.1, 0.2]","(-0.001, 0.2]",Latin America and Caribbean
493,"(6.0, 6.5]","(0.8, 1.0]","(1.2, 1.4]","(0.6, 0.8]","(0.4, 0.6]","(0.2, 0.3]","(-0.001, 0.2]",Central and Eastern Europe
494,"(6.0, 6.5]","(1.0, 1.2]","(1.4, 1.6]","(0.8, 1.0]","(0.4, 0.6]","(-0.001, 0.1]","(-0.001, 0.2]",Latin America and Caribbean
495,"(6.0, 6.5]","(1.0, 1.2]","(1.2, 1.4]","(0.8, 1.0]","(0.4, 0.6]","(-0.001, 0.1]","(-0.001, 0.2]",Central and Eastern Europe
496,"(6.0, 6.5]","(1.2, 1.4]","(1.2, 1.4]","(1.0, 1.2]","(0.4, 0.6]","(0.1, 0.2]","(-0.001, 0.2]",Western Europe
497,"(6.0, 6.5]","(0.8, 1.0]","(1.2, 1.4]","(0.8, 1.0]","(0.4, 0.6]","(0.1, 0.2]","(-0.001, 0.2]",Latin America and Caribbean
498,"(6.0, 6.5]","(1.4, 1.6]","(1.2, 1.4]","(0.8, 1.0]","(0.4, 0.6]","(0.1, 0.2]","(-0.001, 0.2]",Middle East and North Africa
499,"(6.0, 6.5]","(1.0, 1.2]","(1.4, 1.6]","(0.8, 1.0]","(0.4, 0.6]","(0.3, 0.4]","(-0.001, 0.2]",Southeast Asia
500,"(5.5, 6.0]","(1.0, 1.2]","(1.4, 1.6]","(0.8, 1.0]","(0.2, 0.4]","(-0.001, 0.1]","(-0.001, 0.2]",Central and Eastern Europe
501,"(5.5, 6.0]","(1.2, 1.4]","(1.2, 1.4]","(1.0, 1.2]","(-0.001, 0.2]","(0.1, 0.2]","(-0.001, 0.2]",East Asia
502,"(5.5, 6.0]","(1.2, 1.4]","(1.4, 1.6]","(0.8, 1.0]","(0.4, 0.6]","(0.1, 0.2]","(-0.001, 0.2]",Central and Eastern Europe
503,"(5.5, 6.0]","(0.8, 1.0]","(1.4, 1.6]","(0.8, 1.0]","(0.4, 0.6]","(0.1, 0.2]","(-0.001, 0.2]",Latin America and Caribbean
504,"(5.5, 6.0]","(1.0, 1.2]","(1.4, 1.6]","(0.6, 0.8]","(0.4, 0.6]","(0.2, 0.3]","(-0.001, 0.2]",Sub-Saharan Africa
505,"(5.5, 6.0]","(1.2, 1.4]","(1.4, 1.6]","(1.0, 1.2]","(0.4, 0.6]","(-0.001, 0.1]","(-0.001, 0.2]",East Asia
506,"(5.5, 6.0]","(0.6, 0.8]","(1.2, 1.4]","(0.8, 1.0]","(0.4, 0.6]","(0.2, 0.3]","(-0.001, 0.2]",Latin America and Caribbean
507,"(5.5, 6.0]","(1.0, 1.2]","(1.4, 1.6]","(0.6, 0.8]","(0.4, 0.6]","(0.1, 0.2]","(-0.001, 0.2]",Commonwealth of Independent States
508,"(5.5, 6.0]","(0.6, 0.8]","(1.2, 1.4]","(0.6, 0.8]","(0.4, 0.6]","(0.1, 0.2]","(-0.001, 0.2]",Latin America and Caribbean
509,"(5.5, 6.0]","(1.2, 1.4]","(1.4, 1.6]","(0.8, 1.0]","(-0.001, 0.2]","(-0.001, 0.1]","(-0.001, 0.2]",Central and Eastern Europe
510,"(5.5, 6.0]","(0.8, 1.0]","(1.4, 1.6]","(0.6, 0.8]","(0.4, 0.6]","(0.1, 0.2]","(-0.001, 0.2]",Latin America and Caribbean
512,"(5.5, 6.0]","(0.8, 1.0]","(1.2, 1.4]","(0.8, 1.0]","(0.4, 0.6]","(-0.001, 0.1]","(-0.001, 0.2]",Latin America and Caribbean
513,"(5.5, 6.0]","(1.2, 1.4]","(1.4, 1.6]","(0.8, 1.0]","(0.4, 0.6]","(-0.001, 0.1]","(-0.001, 0.2]",Western Europe
514,"(5.5, 6.0]","(0.6, 0.8]","(0.8, 1.0]","(0.4, 0.6]","(0.2, 0.4]","(0.2, 0.3]","(-0.001, 0.2]",South Asia
515,"(5.5, 6.0]","(1.0, 1.2]","(1.4, 1.6]","(0.6, 0.8]","(0.2, 0.4]","(-0.001, 0.1]","(-0.001, 0.2]",Commonwealth of Independent States
516,"(5.5, 6.0]","(0.8, 1.0]","(1.2, 1.4]","(0.6, 0.8]","(0.4, 0.6]","(0.1, 0.2]","(-0.001, 0.2]",Southeast Asia
517,"(5.5, 6.0]","(1.0, 1.2]","(1.2, 1.4]","(0.8, 1.0]","(0.2, 0.4]","(0.1, 0.2]","(-0.001, 0.2]",Central and Eastern Europe
518,"(5.5, 6.0]","(0.6, 0.8]","(1.2, 1.4]","(0.6, 0.8]","(0.2, 0.4]","(0.1, 0.2]","(-0.001, 0.2]",Commonwealth of Independent States
519,"(5.5, 6.0]","(1.0, 1.2]","(1.2, 1.4]","(0.6, 0.8]","(0.4, 0.6]","(0.1, 0.2]","(-0.001, 0.2]",Middle East and North Africa
520,"(5.5, 6.0]","(1.0, 1.2]","(1.2, 1.4]","(0.8, 1.0]","(-0.001, 0.2]","(0.1, 0.2]","(-0.001, 0.2]",Central and Eastern Europe
521,"(5.0, 5.5]","(0.4, 0.6]","(1.0, 1.2]","(0.6, 0.8]","(0.2, 0.4]","(0.2, 0.3]","(-0.001, 0.2]",Commonwealth of Independent States
522,"(5.0, 5.5]","(1.0, 1.2]","(1.2, 1.4]","(0.8, 1.0]","(0.2, 0.4]","(0.1, 0.2]","(-0.001, 0.2]",Central and Eastern Europe
524,"(5.0, 5.5]","(1.0, 1.2]","(1.4, 1.6]","(0.6, 0.8]","(0.4, 0.6]","(0.1, 0.2]","(-0.001, 0.2]",Latin America and Caribbean
525,"(5.0, 5.5]","(0.8, 1.0]","(1.2, 1.4]","(0.8, 1.0]","(0.2, 0.4]","(0.2, 0.3]","(-0.001, 0.2]",Central and Eastern Europe
526,"(5.0, 5.5]","(1.0, 1.2]","(1.2, 1.4]","(0.8, 1.0]","(-0.001, 0.2]","(-0.001, 0.1]","(-0.001, 0.2]",Middle East and North Africa
527,"(5.0, 5.5]","(1.2, 1.4]","(1.0, 1.2]","(0.8, 1.0]","(0.4, 0.6]","(0.2, 0.3]","(-0.001, 0.2]",Southeast Asia
528,"(5.0, 5.5]","(1.0, 1.2]","(1.4, 1.6]","(0.6, 0.8]","(0.2, 0.4]","(-0.001, 0.1]","(-0.001, 0.2]",Commonwealth of Independent States
529,"(5.0, 5.5]","(1.0, 1.2]","(1.0, 1.2]","(0.8, 1.0]","(-0.001, 0.2]","(-0.001, 0.1]","(-0.001, 0.2]",Western Europe
530,"(5.0, 5.5]","(0.8, 1.0]","(1.4, 1.6]","(0.6, 0.8]","(0.2, 0.4]","(0.2, 0.3]","(-0.001, 0.2]",East Asia
531,"(5.0, 5.5]","(0.8, 1.0]","(1.2, 1.4]","(0.8, 1.0]","(0.2, 0.4]","(0.1, 0.2]","(-0.001, 0.2]",Central and Eastern Europe
532,"(5.0, 5.5]","(0.6, 0.8]","(1.0, 1.2]","(0.2, 0.4]","(0.4, 0.6]","(0.2, 0.3]","(-0.001, 0.2]",Sub-Saharan Africa
533,"(5.0, 5.5]","(0.4, 0.6]","(1.4, 1.6]","(0.6, 0.8]","(0.4, 0.6]","(0.2, 0.3]","(-0.001, 0.2]",Commonwealth of Independent States
534,"(5.0, 5.5]","(1.0, 1.2]","(1.4, 1.6]","(0.6, 0.8]","(0.2, 0.4]","(0.2, 0.3]","(-0.001, 0.2]",Commonwealth of Independent States
535,"(5.0, 5.5]","(1.0, 1.2]","(1.0, 1.2]","(0.6, 0.8]","(-0.001, 0.2]","(-0.001, 0.1]","(-0.001, 0.2]",Middle East and North Africa
536,"(5.0, 5.5]","(0.8, 1.0]","(0.6, 0.8]","(0.6, 0.8]","(0.4, 0.6]","(-0.001, 0.1]","(-0.001, 0.2]",Middle East and North Africa
537,"(5.0, 5.5]","(1.0, 1.2]","(1.0, 1.2]","(0.6, 0.8]","(0.2, 0.4]","(-0.001, 0.1]","(-0.001, 0.2]",Commonwealth of Independent States
538,"(5.0, 5.5]","(0.8, 1.0]","(1.2, 1.4]","(0.8, 1.0]","(0.2, 0.4]","(0.1, 0.2]","(-0.001, 0.2]",Middle East and North Africa
539,"(5.0, 5.5]","(0.8, 1.0]","(1.2, 1.4]","(0.6, 0.8]","(0.4, 0.6]","(0.4, 0.5]","(-0.001, 0.2]",Southeast Asia
540,"(5.0, 5.5]","(1.0, 1.2]","(1.0, 1.2]","(0.8, 1.0]","(0.4, 0.6]","(-0.001, 0.1]","(-0.001, 0.2]",East Asia
541,"(5.0, 5.5]","(0.6, 0.8]","(1.2, 1.4]","(0.8, 1.0]","(0.4, 0.6]","(0.1, 0.2]","(-0.001, 0.2]",Southeast Asia
543,"(5.0, 5.5]","(0.4, 0.6]","(0.8, 1.0]","(0.2, 0.4]","(0.2, 0.4]","(0.1, 0.2]","(-0.001, 0.2]",Sub-Saharan Africa
544,"(5.0, 5.5]","(1.0, 1.2]","(1.4, 1.6]","(0.8, 1.0]","(0.2, 0.4]","(-0.001, 0.1]","(-0.001, 0.2]",Central and Eastern Europe
545,"(4.5, 5.0]","(0.6, 0.8]","(0.8, 1.0]","(0.4, 0.6]","(0.2, 0.4]","(0.2, 0.3]","(-0.001, 0.2]",Sub-Saharan Africa
546,"(4.5, 5.0]","(0.4, 0.6]","(0.8, 1.0]","(0.2, 0.4]","(0.2, 0.4]","(0.1, 0.2]","(-0.001, 0.2]",Sub-Saharan Africa
547,"(4.5, 5.0]","(0.4, 0.6]","(1.2, 1.4]","(0.6, 0.8]","(0.4, 0.6]","(0.2, 0.3]","(-0.001, 0.2]",South Asia
548,"(4.5, 5.0]","(0.8, 1.0]","(1.2, 1.4]","(0.8, 1.0]","(0.2, 0.4]","(0.1, 0.2]","(-0.001, 0.2]",Middle East and North Africa
549,"(4.5, 5.0]","(0.2, 0.4]","(0.4, 0.6]","(0.2, 0.4]","(0.2, 0.4]","(0.1, 0.2]","(-0.001, 0.2]",Sub-Saharan Africa
550,"(4.5, 5.0]","(0.6, 0.8]","(0.6, 0.8]","(0.4, 0.6]","(0.2, 0.4]","(0.1, 0.2]","(-0.001, 0.2]",Sub-Saharan Africa
551,"(4.5, 5.0]","(1.0, 1.2]","(1.0, 1.2]","(0.4, 0.6]","(0.2, 0.4]","(-0.001, 0.1]","(-0.001, 0.2]",Sub-Saharan Africa
552,"(4.5, 5.0]","(0.6, 0.8]","(1.0, 1.2]","(0.4, 0.6]","(0.4, 0.6]","(0.2, 0.3]","(-0.001, 0.2]",Southeast Asia
553,"(4.5, 5.0]","(0.8, 1.0]","(1.2, 1.4]","(0.4, 0.6]","(0.2, 0.4]","(0.1, 0.2]","(-0.001, 0.2]",Sub-Saharan Africa
554,"(4.5, 5.0]","(0.8, 1.0]","(0.8, 1.0]","(0.8, 1.0]","(0.2, 0.4]","(0.1, 0.2]","(-0.001, 0.2]",Central and Eastern Europe
555,"(4.5, 5.0]","(0.8, 1.0]","(1.4, 1.6]","(0.8, 1.0]","(-0.001, 0.2]","(-0.001, 0.1]","(-0.001, 0.2]",Latin America and Caribbean
556,"(4.5, 5.0]","(0.4, 0.6]","(1.0, 1.2]","(0.6, 0.8]","(0.6, 0.8]","(0.2, 0.3]","(-0.001, 0.2]",Southeast Asia
557,"(4.5, 5.0]","(0.6, 0.8]","(1.2, 1.4]","(0.6, 0.8]","(0.2, 0.4]","(0.1, 0.2]","(-0.001, 0.2]",Middle East and North Africa
558,"(4.5, 5.0]","(0.4, 0.6]","(1.0, 1.2]","(0.4, 0.6]","(0.2, 0.4]","(0.1, 0.2]","(-0.001, 0.2]",Sub-Saharan Africa
560,"(4.5, 5.0]","(0.8, 1.0]","(1.2, 1.4]","(0.4, 0.6]","(0.4, 0.6]","(-0.001, 0.1]","(-0.001, 0.2]",Sub-Saharan Africa
561,"(4.5, 5.0]","(-0.001, 0.2]","(0.6, 0.8]","(0.2, 0.4]","(0.2, 0.4]","(0.1, 0.2]","(-0.001, 0.2]",Sub-Saharan Africa
562,"(4.5, 5.0]","(0.2, 0.4]","(1.0, 1.2]","(0.2, 0.4]","(0.2, 0.4]","(0.1, 0.2]","(-0.001, 0.2]",Sub-Saharan Africa
563,"(4.5, 5.0]","(0.8, 1.0]","(1.0, 1.2]","(0.8, 1.0]","(0.2, 0.4]","(-0.001, 0.1]","(-0.001, 0.2]",Commonwealth of Independent States
564,"(4.5, 5.0]","(1.0, 1.2]","(0.8, 1.0]","(0.6, 0.8]","(0.2, 0.4]","(0.2, 0.3]","(-0.001, 0.2]",Middle East and North Africa
565,"(4.5, 5.0]","(0.2, 0.4]","(0.8, 1.0]","(0.2, 0.4]","(0.2, 0.4]","(0.2, 0.3]","(-0.001, 0.2]",Sub-Saharan Africa
566,"(4.5, 5.0]","(0.8, 1.0]","(0.6, 0.8]","(0.6, 0.8]","(0.2, 0.4]","(-0.001, 0.1]","(-0.001, 0.2]",Commonwealth of Independent States
567,"(4.5, 5.0]","(0.2, 0.4]","(0.8, 1.0]","(0.4, 0.6]","(0.2, 0.4]","(0.2, 0.3]","(-0.001, 0.2]",Sub-Saharan Africa
568,"(4.5, 5.0]","(0.4, 0.6]","(0.8, 1.0]","(0.4, 0.6]","(0.4, 0.6]","(0.3, 0.4]","(-0.001, 0.2]",Sub-Saharan Africa
569,"(4.0, 4.5]","(0.4, 0.6]","(1.0, 1.2]","(0.4, 0.6]","(-0.001, 0.2]","(0.1, 0.2]","(-0.001, 0.2]",Sub-Saharan Africa
570,"(4.0, 4.5]","(0.2, 0.4]","(0.8, 1.0]","(0.2, 0.4]","(0.4, 0.6]","(0.1, 0.2]","(-0.001, 0.2]",Sub-Saharan Africa
571,"(4.0, 4.5]","(0.8, 1.0]","(0.8, 1.0]","(0.8, 1.0]","(-0.001, 0.2]","(-0.001, 0.1]","(-0.001, 0.2]",Middle East and North Africa
572,"(4.0, 4.5]","(0.4, 0.6]","(0.8, 1.0]","(0.6, 0.8]","(0.4, 0.6]","(0.1, 0.2]","(-0.001, 0.2]",South Asia
573,"(4.0, 4.5]","(1.0, 1.2]","(0.8, 1.0]","(0.4, 0.6]","(0.2, 0.4]","(0.1, 0.2]","(-0.001, 0.2]",Middle East and North Africa
574,"(4.0, 4.5]","(-0.001, 0.2]","(1.0, 1.2]","(0.2, 0.4]","(0.2, 0.4]","(0.2, 0.3]","(-0.001, 0.2]",Sub-Saharan Africa
575,"(4.0, 4.5]","(0.2, 0.4]","(1.0, 1.2]","(0.2, 0.4]","(0.2, 0.4]","(0.1, 0.2]","(-0.001, 0.2]",Sub-Saharan Africa
576,"(4.0, 4.5]","(0.2, 0.4]","(0.8, 1.0]","(0.2, 0.4]","(0.2, 0.4]","(0.2, 0.3]","(-0.001, 0.2]",Sub-Saharan Africa
577,"(4.0, 4.5]","(0.8, 1.0]","(1.2, 1.4]","(0.8, 1.0]","(0.4, 0.6]","(0.2, 0.3]","(-0.001, 0.2]",South Asia
578,"(4.0, 4.5]","(0.6, 0.8]","(1.0, 1.2]","(0.4, 0.6]","(0.4, 0.6]","(0.5, 0.6]","(-0.001, 0.2]",Southeast Asia
579,"(4.0, 4.5]","(0.2, 0.4]","(0.6, 0.8]","(-0.001, 0.2]","(-0.001, 0.2]","(0.1, 0.2]","(-0.001, 0.2]",Sub-Saharan Africa
580,"(4.0, 4.5]","(0.8, 1.0]","(1.2, 1.4]","(0.6, 0.8]","(-0.001, 0.2]","(0.1, 0.2]","(-0.001, 0.2]",Commonwealth of Independent States
581,"(4.0, 4.5]","(0.2, 0.4]","(1.0, 1.2]","(0.4, 0.6]","(0.2, 0.4]","(0.2, 0.3]","(-0.001, 0.2]",Sub-Saharan Africa
582,"(4.0, 4.5]","(0.8, 1.0]","(1.0, 1.2]","(-0.001, 0.2]","(0.2, 0.4]","(-0.001, 0.1]","(-0.001, 0.2]",Sub-Saharan Africa
583,"(4.0, 4.5]","(0.2, 0.4]","(1.0, 1.2]","(0.4, 0.6]","(0.2, 0.4]","(0.2, 0.3]","(-0.001, 0.2]",Sub-Saharan Africa
584,"(4.0, 4.5]","(0.8, 1.0]","(1.0, 1.2]","(0.6, 0.8]","(0.2, 0.4]","(-0.001, 0.1]","(-0.001, 0.2]",Middle East and North Africa
585,"(4.0, 4.5]","(0.4, 0.6]","(1.0, 1.2]","(0.4, 0.6]","(0.4, 0.6]","(0.2, 0.3]","(-0.001, 0.2]",Sub-Saharan Africa
586,"(4.0, 4.5]","(0.2, 0.4]","(0.4, 0.6]","(0.4, 0.6]","(0.2, 0.4]","(0.1, 0.2]","(-0.001, 0.2]",Sub-Saharan Africa
587,"(4.0, 4.5]","(0.6, 0.8]","(0.6, 0.8]","(0.4, 0.6]","(0.4, 0.6]","(0.1, 0.2]","(-0.001, 0.2]",South Asia
588,"(3.5, 4.0]","(-0.001, 0.2]","(0.8, 1.0]","(0.4, 0.6]","(0.2, 0.4]","(0.2, 0.3]","(-0.001, 0.2]",Sub-Saharan Africa
589,"(3.5, 4.0]","(0.2, 0.4]","(0.6, 0.8]","(0.4, 0.6]","(-0.001, 0.2]","(0.2, 0.3]","(-0.001, 0.2]",Sub-Saharan Africa
590,"(3.5, 4.0]","(0.2, 0.4]","(0.8, 1.0]","(0.4, 0.6]","(-0.001, 0.2]","(0.1, 0.2]","(-0.001, 0.2]",Sub-Saharan Africa
591,"(3.5, 4.0]","(0.4, 0.6]","(1.0, 1.2]","(-0.001, 0.2]","(0.2, 0.4]","(0.1, 0.2]","(-0.001, 0.2]",Sub-Saharan Africa
592,"(3.5, 4.0]","(-0.001, 0.2]","(0.4, 0.6]","(0.2, 0.4]","(0.2, 0.4]","(0.1, 0.2]","(-0.001, 0.2]",Sub-Saharan Africa
593,"(3.5, 4.0]","(0.2, 0.4]","(1.0, 1.2]","(0.4, 0.6]","(0.2, 0.4]","(0.1, 0.2]","(-0.001, 0.2]",Sub-Saharan Africa
594,"(3.5, 4.0]","(0.2, 0.4]","(0.6, 0.8]","(0.4, 0.6]","(-0.001, 0.2]","(0.4, 0.5]","(-0.001, 0.2]",Latin America and Caribbean
595,"(3.0, 3.5]","(1.0, 1.2]","(1.0, 1.2]","(0.4, 0.6]","(0.4, 0.6]","(-0.001, 0.1]","(-0.001, 0.2]",Sub-Saharan Africa
597,"(3.0, 3.5]","(-0.001, 0.2]","(0.4, 0.6]","(0.4, 0.6]","(0.4, 0.6]","(0.2, 0.3]","(-0.001, 0.2]",Sub-Saharan Africa
598,"(3.0, 3.5]","(0.2, 0.4]","(1.0, 1.2]","(0.4, 0.6]","(-0.001, 0.2]","(0.1, 0.2]","(-0.001, 0.2]",Middle East and North Africa
599,"(3.0, 3.5]","(0.2, 0.4]","(0.6, 0.8]","(0.6, 0.8]","(0.4, 0.6]","(0.2, 0.3]","(0.4, 0.6]",Sub-Saharan Africa
600,"(3.0, 3.5]","(0.4, 0.6]","(0.8, 1.0]","(0.4, 0.6]","(0.4, 0.6]","(0.2, 0.3]","(-0.001, 0.2]",Sub-Saharan Africa
601,"(3.0, 3.5]","(0.2, 0.4]","(0.4, 0.6]","(0.2, 0.4]","(-0.001, 0.2]","(0.1, 0.2]","(-0.001, 0.2]",South Asia
602,"(3.0, 3.5]","(-0.001, 0.2]","(-0.001, 0.2]","(-0.001, 0.2]","(0.2, 0.4]","(0.2, 0.3]","(-0.001, 0.2]",Sub-Saharan Africa
603,"(2.5, 3.0]","(0.2, 0.4]","(0.4, 0.6]","(0.2, 0.4]","(-0.001, 0.2]","(0.2, 0.3]","(-0.001, 0.2]",Sub-Saharan Africa
604,"(7.5, 8.0]","(1.2, 1.4]","(1.4, 1.6]","(0.8, 1.0]","(0.6, 0.8]","(0.2, 0.3]","(0.2, 0.4]",Western Europe
605,"(7.5, 8.0]","(1.4, 1.6]","(1.4, 1.6]","(0.8, 1.0]","(0.6, 0.8]","(0.2, 0.3]","(0.2, 0.4]",Western Europe
606,"(7.5, 8.0]","(1.2, 1.4]","(1.4, 1.6]","(0.8, 1.0]","(0.6, 0.8]","(0.2, 0.3]","(0.4, 0.6]",Western Europe
607,"(7.0, 7.5]","(1.2, 1.4]","(1.6, 1.8]","(0.8, 1.0]","(0.6, 0.8]","(0.3, 0.4]","(-0.001, 0.2]",Western Europe
608,"(7.0, 7.5]","(1.4, 1.6]","(1.4, 1.6]","(0.8, 1.0]","(0.6, 0.8]","(0.2, 0.3]","(0.2, 0.4]",Western Europe
609,"(7.0, 7.5]","(1.2, 1.4]","(1.4, 1.6]","(0.8, 1.0]","(0.6, 0.8]","(0.3, 0.4]","(0.2, 0.4]",Western Europe
610,"(7.0, 7.5]","(1.2, 1.4]","(1.4, 1.6]","(0.8, 1.0]","(0.6, 0.8]","(0.3, 0.4]","(0.2, 0.4]",North America and ANZ
611,"(7.0, 7.5]","(1.2, 1.4]","(1.6, 1.8]","(0.8, 1.0]","(0.6, 0.8]","(0.3, 0.4]","(0.2, 0.4]",North America and ANZ
612,"(7.0, 7.5]","(1.2, 1.4]","(1.4, 1.6]","(0.8, 1.0]","(0.6, 0.8]","(0.2, 0.3]","(0.2, 0.4]",Western Europe
613,"(7.0, 7.5]","(1.2, 1.4]","(1.4, 1.6]","(0.8, 1.0]","(0.6, 0.8]","(0.3, 0.4]","(0.2, 0.4]",North America and ANZ
614,"(7.0, 7.5]","(1.2, 1.4]","(1.4, 1.6]","(0.8, 1.0]","(0.4, 0.6]","(0.2, 0.3]","(-0.001, 0.2]",Western Europe
615,"(7.0, 7.5]","(1.2, 1.4]","(1.4, 1.6]","(0.8, 1.0]","(0.6, 0.8]","(0.2, 0.3]","(0.2, 0.4]",Western Europe
616,"(7.0, 7.5]","(1.0, 1.2]","(1.4, 1.6]","(0.8, 1.0]","(0.6, 0.8]","(0.1, 0.2]","(-0.001, 0.2]",Latin America and Caribbean
617,"(6.5, 7.0]","(1.4, 1.6]","(1.4, 1.6]","(0.8, 1.0]","(0.6, 0.8]","(0.3, 0.4]","(0.2, 0.4]",Western Europe
618,"(6.5, 7.0]","(1.2, 1.4]","(1.4, 1.6]","(0.8, 1.0]","(0.4, 0.6]","(0.2, 0.3]","(0.2, 0.4]",Western Europe
619,"(6.5, 7.0]","(1.2, 1.4]","(1.4, 1.6]","(0.8, 1.0]","(0.4, 0.6]","(0.1, 0.2]","(0.2, 0.4]",Western Europe
620,"(6.5, 7.0]","(1.4, 1.6]","(1.4, 1.6]","(0.8, 1.0]","(0.6, 0.8]","(0.1, 0.2]","(0.2, 0.4]",Western Europe
621,"(6.5, 7.0]","(1.2, 1.4]","(1.4, 1.6]","(0.8, 1.0]","(0.4, 0.6]","(0.2, 0.3]","(-0.001, 0.2]",North America and ANZ
622,"(6.5, 7.0]","(1.2, 1.4]","(1.4, 1.6]","(0.8, 1.0]","(0.4, 0.6]","(0.3, 0.4]","(0.2, 0.4]",Middle East and North Africa
623,"(6.5, 7.0]","(2.0, 2.2]","(0.6, 0.8]","(0.6, 0.8]","(0.2, 0.4]","(0.1, 0.2]","(-0.001, 0.2]",Middle East and North Africa
624,"(6.5, 7.0]","(1.2, 1.4]","(1.4, 1.6]","(0.8, 1.0]","(0.4, 0.6]","(-0.001, 0.1]","(-0.001, 0.2]",Central and Eastern Europe
625,"(6.5, 7.0]","(1.2, 1.4]","(1.4, 1.6]","(0.8, 1.0]","(0.6, 0.8]","(0.3, 0.4]","(-0.001, 0.2]",Western Europe
626,"(6.0, 6.5]","(1.2, 1.4]","(1.4, 1.6]","(0.8, 1.0]","(0.4, 0.6]","(-0.001, 0.1]","(-0.001, 0.2]",Western Europe
627,"(6.0, 6.5]","(1.0, 1.2]","(1.2, 1.4]","(0.6, 0.8]","(0.4, 0.6]","(-0.001, 0.1]","(-0.001, 0.2]",Latin America and Caribbean
628,"(6.0, 6.5]","(1.0, 1.2]","(1.2, 1.4]","(0.8, 1.0]","(0.4, 0.6]","(0.1, 0.2]","(-0.001, 0.2]",Latin America and Caribbean
630,"(6.0, 6.5]","(1.0, 1.2]","(1.4, 1.6]","(0.6, 0.8]","(0.4, 0.6]","(0.1, 0.2]","(-0.001, 0.2]",Latin America and Caribbean
631,"(6.0, 6.5]","(0.8, 1.0]","(1.4, 1.6]","(0.6, 0.8]","(0.4, 0.6]","(0.1, 0.2]","(-0.001, 0.2]",Latin America and Caribbean
632,"(6.0, 6.5]","(1.0, 1.2]","(1.4, 1.6]","(0.6, 0.8]","(0.4, 0.6]","(-0.001, 0.1]","(-0.001, 0.2]",Latin America and Caribbean
633,"(6.0, 6.5]","(0.6, 0.8]","(1.2, 1.4]","(0.6, 0.8]","(0.6, 0.8]","(0.1, 0.2]","(-0.001, 0.2]",Latin America and Caribbean
634,"(6.0, 6.5]","(1.0, 1.2]","(1.4, 1.6]","(0.6, 0.8]","(0.6, 0.8]","(0.1, 0.2]","(-0.001, 0.2]",Latin America and Caribbean
636,"(6.0, 6.5]","(1.2, 1.4]","(1.2, 1.4]","(0.6, 0.8]","(0.4, 0.6]","(-0.001, 0.1]","(-0.001, 0.2]",Middle East and North Africa
637,"(6.0, 6.5]","(1.4, 1.6]","(1.4, 1.6]","(1.0, 1.2]","(0.6, 0.8]","(0.2, 0.3]","(0.4, 0.6]",Southeast Asia
638,"(6.0, 6.5]","(1.0, 1.2]","(1.2, 1.4]","(0.6, 0.8]","(0.2, 0.4]","(0.3, 0.4]","(-0.001, 0.2]",Southeast Asia
639,"(6.0, 6.5]","(1.2, 1.4]","(1.4, 1.6]","(0.8, 1.0]","(0.4, 0.6]","(0.1, 0.2]","(-0.001, 0.2]",Western Europe
640,"(6.0, 6.5]","(0.8, 1.0]","(1.4, 1.6]","(0.6, 0.8]","(0.4, 0.6]","(-0.001, 0.1]","(-0.001, 0.2]",Latin America and Caribbean
642,"(6.0, 6.5]","(1.2, 1.4]","(1.4, 1.6]","(0.6, 0.8]","(0.2, 0.4]","(0.1, 0.2]","(-0.001, 0.2]",Central and Eastern Europe
643,"(6.0, 6.5]","(0.8, 1.0]","(1.2, 1.4]","(0.6, 0.8]","(0.4, 0.6]","(-0.001, 0.1]","(-0.001, 0.2]",Latin America and Caribbean
644,"(6.0, 6.5]","(0.6, 0.8]","(1.2, 1.4]","(0.6, 0.8]","(0.4, 0.6]","(0.2, 0.3]","(-0.001, 0.2]",Latin America and Caribbean
645,"(6.0, 6.5]","(1.0, 1.2]","(1.4, 1.6]","(0.6, 0.8]","(0.4, 0.6]","(0.1, 0.2]","(-0.001, 0.2]",Central and Eastern Europe
646,"(6.0, 6.5]","(1.2, 1.4]","(1.2, 1.4]","(0.6, 0.8]","(0.4, 0.6]","(0.2, 0.3]","(-0.001, 0.2]",Middle East and North Africa
647,"(6.0, 6.5]","(0.6, 0.8]","(1.4, 1.6]","(0.6, 0.8]","(0.6, 0.8]","(0.3, 0.4]","(0.2, 0.4]",Commonwealth of Independent States
648,"(6.0, 6.5]","(1.4, 1.6]","(1.2, 1.4]","(0.6, 0.8]","(0.4, 0.6]","(0.1, 0.2]","(-0.001, 0.2]",Middle East and North Africa
649,"(6.0, 6.5]","(1.0, 1.2]","(1.4, 1.6]","(0.6, 0.8]","(0.6, 0.8]","(0.3, 0.4]","(-0.001, 0.2]",Southeast Asia
650,"(5.5, 6.0]","(1.2, 1.4]","(1.4, 1.6]","(0.8, 1.0]","(0.2, 0.4]","(0.1, 0.2]","(-0.001, 0.2]",Western Europe
651,"(5.5, 6.0]","(0.8, 1.0]","(1.2, 1.4]","(0.6, 0.8]","(0.4, 0.6]","(0.1, 0.2]","(-0.001, 0.2]",Latin America and Caribbean
653,"(5.5, 6.0]","(1.0, 1.2]","(1.4, 1.6]","(0.6, 0.8]","(0.2, 0.4]","(-0.001, 0.1]","(-0.001, 0.2]",Central and Eastern Europe
654,"(5.5, 6.0]","(1.2, 1.4]","(1.4, 1.6]","(0.8, 1.0]","(0.6, 0.8]","(0.1, 0.2]","(-0.001, 0.2]",Central and Eastern Europe
655,"(5.5, 6.0]","(1.0, 1.2]","(1.2, 1.4]","(0.6, 0.8]","(0.4, 0.6]","(-0.001, 0.1]","(-0.001, 0.2]",Central and Eastern Europe
656,"(5.5, 6.0]","(1.0, 1.2]","(1.4, 1.6]","(0.6, 0.8]","(0.2, 0.4]","(-0.001, 0.1]","(-0.001, 0.2]",Central and Eastern Europe
657,"(5.5, 6.0]","(1.2, 1.4]","(1.4, 1.6]","(0.8, 1.0]","(0.4, 0.6]","(-0.001, 0.1]","(-0.001, 0.2]",East Asia
658,"(5.5, 6.0]","(1.0, 1.2]","(1.2, 1.4]","(0.6, 0.8]","(0.4, 0.6]","(0.2, 0.3]","(-0.001, 0.2]",Sub-Saharan Africa
659,"(5.5, 6.0]","(0.8, 1.0]","(1.4, 1.6]","(0.6, 0.8]","(0.4, 0.6]","(-0.001, 0.1]","(-0.001, 0.2]",Latin America and Caribbean
660,"(5.5, 6.0]","(1.2, 1.4]","(1.2, 1.4]","(0.8, 1.0]","(0.2, 0.4]","(0.1, 0.2]","(-0.001, 0.2]",East Asia
662,"(5.5, 6.0]","(1.0, 1.2]","(1.4, 1.6]","(0.4, 0.6]","(0.2, 0.4]","(-0.001, 0.1]","(-0.001, 0.2]",Commonwealth of Independent States
663,"(5.5, 6.0]","(1.0, 1.2]","(1.4, 1.6]","(0.6, 0.8]","(0.4, 0.6]","(0.1, 0.2]","(-0.001, 0.2]",Commonwealth of Independent States
664,"(5.5, 6.0]","(1.2, 1.4]","(1.0, 1.2]","(0.8, 1.0]","(0.4, 0.6]","(0.2, 0.3]","(-0.001, 0.2]",Western Europe
665,"(5.5, 6.0]","(0.6, 0.8]","(1.2, 1.4]","(0.4, 0.6]","(0.6, 0.8]","(0.1, 0.2]","(-0.001, 0.2]",Latin America and Caribbean
666,"(5.5, 6.0]","(1.0, 1.2]","(1.4, 1.6]","(0.6, 0.8]","(0.4, 0.6]","(-0.001, 0.1]","(-0.001, 0.2]",Central and Eastern Europe
667,"(5.5, 6.0]","(0.8, 1.0]","(1.4, 1.6]","(0.6, 0.8]","(0.4, 0.6]","(0.1, 0.2]","(-0.001, 0.2]",Latin America and Caribbean
668,"(5.5, 6.0]","(0.8, 1.0]","(1.2, 1.4]","(0.6, 0.8]","(0.4, 0.6]","(-0.001, 0.1]","(-0.001, 0.2]",Latin America and Caribbean
669,"(5.5, 6.0]","(0.8, 1.0]","(1.2, 1.4]","(0.4, 0.6]","(0.4, 0.6]","(0.2, 0.3]","(-0.001, 0.2]",Central and Eastern Europe
670,"(5.5, 6.0]","(0.6, 0.8]","(1.2, 1.4]","(0.6, 0.8]","(0.2, 0.4]","(0.1, 0.2]","(-0.001, 0.2]",Commonwealth of Independent States
671,"(5.5, 6.0]","(1.0, 1.2]","(1.4, 1.6]","(0.4, 0.6]","(0.4, 0.6]","(0.1, 0.2]","(-0.001, 0.2]",Commonwealth of Independent States
672,"(5.5, 6.0]","(1.0, 1.2]","(1.4, 1.6]","(0.6, 0.8]","(0.2, 0.4]","(-0.001, 0.1]","(-0.001, 0.2]",Central and Eastern Europe
673,"(5.5, 6.0]","(0.8, 1.0]","(1.2, 1.4]","(0.4, 0.6]","(0.4, 0.6]","(0.1, 0.2]","(-0.001, 0.2]",Middle East and North Africa
674,"(5.5, 6.0]","(0.6, 0.8]","(1.2, 1.4]","(0.4, 0.6]","(0.6, 0.8]","(0.1, 0.2]","(-0.001, 0.2]",Southeast Asia
675,"(5.5, 6.0]","(0.6, 0.8]","(1.2, 1.4]","(0.6, 0.8]","(0.4, 0.6]","(0.1, 0.2]","(-0.001, 0.2]",Latin America and Caribbean
676,"(5.0, 5.5]","(1.0, 1.2]","(1.4, 1.6]","(0.6, 0.8]","(0.2, 0.4]","(0.1, 0.2]","(-0.001, 0.2]",Commonwealth of Independent States
677,"(5.0, 5.5]","(1.0, 1.2]","(1.2, 1.4]","(0.6, 0.8]","(0.2, 0.4]","(0.1, 0.2]","(-0.001, 0.2]",Middle East and North Africa
678,"(5.0, 5.5]","(0.6, 0.8]","(0.8, 1.0]","(0.4, 0.6]","(0.2, 0.4]","(0.2, 0.3]","(-0.001, 0.2]",South Asia
680,"(5.0, 5.5]","(1.0, 1.2]","(1.4, 1.6]","(0.8, 1.0]","(0.4, 0.6]","(-0.001, 0.1]","(-0.001, 0.2]",Western Europe
681,"(5.0, 5.5]","(0.8, 1.0]","(1.2, 1.4]","(0.6, 0.8]","(0.2, 0.4]","(0.1, 0.2]","(-0.001, 0.2]",Central and Eastern Europe
682,"(5.0, 5.5]","(1.0, 1.2]","(1.2, 1.4]","(0.8, 1.0]","(-0.001, 0.2]","(-0.001, 0.1]","(-0.001, 0.2]",Western Europe
683,"(5.0, 5.5]","(0.8, 1.0]","(1.0, 1.2]","(0.6, 0.8]","(0.4, 0.6]","(0.2, 0.3]","(-0.001, 0.2]",Middle East and North Africa
684,"(5.0, 5.5]","(1.0, 1.2]","(1.2, 1.4]","(0.6, 0.8]","(0.2, 0.4]","(0.1, 0.2]","(-0.001, 0.2]",Central and Eastern Europe
685,"(5.0, 5.5]","(1.0, 1.2]","(1.0, 1.2]","(0.6, 0.8]","(0.2, 0.4]","(0.1, 0.2]","(-0.001, 0.2]",Central and Eastern Europe
686,"(5.0, 5.5]","(0.8, 1.0]","(1.4, 1.6]","(0.6, 0.8]","(0.4, 0.6]","(0.1, 0.2]","(-0.001, 0.2]",Latin America and Caribbean
687,"(5.0, 5.5]","(0.8, 1.0]","(1.0, 1.2]","(0.6, 0.8]","(-0.001, 0.2]","(-0.001, 0.1]","(-0.001, 0.2]",Middle East and North Africa
688,"(5.0, 5.5]","(0.6, 0.8]","(0.6, 0.8]","(0.6, 0.8]","(0.4, 0.6]","(-0.001, 0.1]","(-0.001, 0.2]",Middle East and North Africa
689,"(5.0, 5.5]","(0.8, 1.0]","(1.0, 1.2]","(0.6, 0.8]","(0.4, 0.6]","(-0.001, 0.1]","(-0.001, 0.2]",East Asia
690,"(5.0, 5.5]","(1.0, 1.2]","(1.0, 1.2]","(0.6, 0.8]","(0.4, 0.6]","(-0.001, 0.1]","(-0.001, 0.2]",Commonwealth of Independent States
691,"(5.0, 5.5]","(0.4, 0.6]","(1.0, 1.2]","(0.4, 0.6]","(0.2, 0.4]","(0.1, 0.2]","(-0.001, 0.2]",Commonwealth of Independent States
692,"(5.0, 5.5]","(0.8, 1.0]","(1.2, 1.4]","(0.6, 0.8]","(0.2, 0.4]","(0.1, 0.2]","(-0.001, 0.2]",Central and Eastern Europe
693,"(5.0, 5.5]","(0.8, 1.0]","(1.2, 1.4]","(0.6, 0.8]","(0.4, 0.6]","(0.1, 0.2]","(-0.001, 0.2]",Middle East and North Africa
694,"(5.0, 5.5]","(0.6, 0.8]","(1.0, 1.2]","(-0.001, 0.2]","(0.4, 0.6]","(0.2, 0.3]","(-0.001, 0.2]",Sub-Saharan Africa
695,"(5.0, 5.5]","(0.4, 0.6]","(1.4, 1.6]","(0.4, 0.6]","(0.4, 0.6]","(0.2, 0.3]","(-0.001, 0.2]",Commonwealth of Independent States
696,"(5.0, 5.5]","(0.8, 1.0]","(1.0, 1.2]","(0.6, 0.8]","(0.2, 0.4]","(0.2, 0.3]","(-0.001, 0.2]",Central and Eastern Europe
697,"(5.0, 5.5]","(0.8, 1.0]","(1.4, 1.6]","(0.4, 0.6]","(0.2, 0.4]","(0.2, 0.3]","(-0.001, 0.2]",East Asia
698,"(5.0, 5.5]","(0.6, 0.8]","(1.2, 1.4]","(0.6, 0.8]","(0.6, 0.8]","(0.1, 0.2]","(-0.001, 0.2]",Southeast Asia
699,"(5.0, 5.5]","(0.8, 1.0]","(1.2, 1.4]","(0.4, 0.6]","(0.4, 0.6]","(0.4, 0.5]","(-0.001, 0.2]",Southeast Asia
702,"(4.5, 5.0]","(0.4, 0.6]","(0.8, 1.0]","(-0.001, 0.2]","(0.4, 0.6]","(0.1, 0.2]","(-0.001, 0.2]",Sub-Saharan Africa
703,"(4.5, 5.0]","(1.0, 1.2]","(1.4, 1.6]","(0.6, 0.8]","(0.2, 0.4]","(-0.001, 0.1]","(-0.001, 0.2]",Central and Eastern Europe
704,"(4.5, 5.0]","(0.4, 0.6]","(1.2, 1.4]","(0.4, 0.6]","(0.4, 0.6]","(0.3, 0.4]","(-0.001, 0.2]",South Asia
705,"(4.5, 5.0]","(0.8, 1.0]","(1.4, 1.6]","(0.6, 0.8]","(-0.001, 0.2]","(-0.001, 0.1]","(-0.001, 0.2]",Latin America and Caribbean
706,"(4.5, 5.0]","(1.0, 1.2]","(1.0, 1.2]","(0.4, 0.6]","(0.2, 0.4]","(-0.001, 0.1]","(-0.001, 0.2]",Sub-Saharan Africa
707,"(4.5, 5.0]","(0.6, 0.8]","(1.2, 1.4]","(0.6, 0.8]","(0.2, 0.4]","(-0.001, 0.1]","(-0.001, 0.2]",Middle East and North Africa
708,"(4.5, 5.0]","(0.8, 1.0]","(1.4, 1.6]","(0.2, 0.4]","(0.4, 0.6]","(0.1, 0.2]","(-0.001, 0.2]",Sub-Saharan Africa
709,"(4.5, 5.0]","(1.0, 1.2]","(0.6, 0.8]","(0.6, 0.8]","(0.4, 0.6]","(0.2, 0.3]","(-0.001, 0.2]",Middle East and North Africa
710,"(4.5, 5.0]","(0.4, 0.6]","(0.8, 1.0]","(-0.001, 0.2]","(0.4, 0.6]","(0.1, 0.2]","(-0.001, 0.2]",Sub-Saharan Africa
711,"(4.5, 5.0]","(0.4, 0.6]","(0.8, 1.0]","(0.2, 0.4]","(0.4, 0.6]","(0.2, 0.3]","(-0.001, 0.2]",Sub-Saharan Africa
712,"(4.5, 5.0]","(0.4, 0.6]","(1.0, 1.2]","(0.4, 0.6]","(0.4, 0.6]","(0.1, 0.2]","(-0.001, 0.2]",Sub-Saharan Africa
713,"(4.5, 5.0]","(0.6, 0.8]","(1.0, 1.2]","(0.4, 0.6]","(0.6, 0.8]","(0.2, 0.3]","(-0.001, 0.2]",Southeast Asia
714,"(4.5, 5.0]","(0.8, 1.0]","(0.8, 1.0]","(0.6, 0.8]","(0.2, 0.4]","(-0.001, 0.1]","(-0.001, 0.2]",Middle East and North Africa
715,"(4.5, 5.0]","(0.8, 1.0]","(0.8, 1.0]","(0.6, 0.8]","(0.4, 0.6]","(0.1, 0.2]","(-0.001, 0.2]",Central and Eastern Europe
716,"(4.5, 5.0]","(0.2, 0.4]","(0.8, 1.0]","(-0.001, 0.2]","(0.2, 0.4]","(0.2, 0.3]","(-0.001, 0.2]",Sub-Saharan Africa
717,"(4.5, 5.0]","(0.6, 0.8]","(0.8, 1.0]","(0.2, 0.4]","(0.4, 0.6]","(-0.001, 0.1]","(-0.001, 0.2]",Sub-Saharan Africa
718,"(4.0, 4.5]","(0.4, 0.6]","(0.8, 1.0]","(0.4, 0.6]","(0.4, 0.6]","(0.1, 0.2]","(-0.001, 0.2]",South Asia
719,"(4.0, 4.5]","(0.8, 1.0]","(1.2, 1.4]","(0.6, 0.8]","(0.4, 0.6]","(0.3, 0.4]","(-0.001, 0.2]",South Asia
720,"(4.0, 4.5]","(1.0, 1.2]","(0.8, 1.0]","(0.4, 0.6]","(0.2, 0.4]","(0.1, 0.2]","(-0.001, 0.2]",Middle East and North Africa
721,"(4.0, 4.5]","(0.2, 0.4]","(1.2, 1.4]","(-0.001, 0.2]","(0.2, 0.4]","(0.1, 0.2]","(-0.001, 0.2]",Sub-Saharan Africa
722,"(4.0, 4.5]","(0.8, 1.0]","(1.2, 1.4]","(0.2, 0.4]","(0.4, 0.6]","(-0.001, 0.1]","(-0.001, 0.2]",Sub-Saharan Africa
723,"(4.0, 4.5]","(0.4, 0.6]","(1.0, 1.2]","(0.4, 0.6]","(0.6, 0.8]","(0.2, 0.3]","(-0.001, 0.2]",Southeast Asia
724,"(4.0, 4.5]","(0.2, 0.4]","(1.0, 1.2]","(0.2, 0.4]","(0.2, 0.4]","(0.1, 0.2]","(-0.001, 0.2]",Sub-Saharan Africa
725,"(4.0, 4.5]","(0.8, 1.0]","(1.0, 1.2]","(0.4, 0.6]","(0.2, 0.4]","(-0.001, 0.1]","(-0.001, 0.2]",Middle East and North Africa
726,"(4.0, 4.5]","(-0.001, 0.2]","(0.8, 1.0]","(-0.001, 0.2]","(0.4, 0.6]","(0.2, 0.3]","(-0.001, 0.2]",Sub-Saharan Africa
727,"(4.0, 4.5]","(0.4, 0.6]","(1.0, 1.2]","(0.4, 0.6]","(0.4, 0.6]","(0.3, 0.4]","(-0.001, 0.2]",Sub-Saharan Africa
728,"(4.0, 4.5]","(0.4, 0.6]","(1.0, 1.2]","(0.2, 0.4]","(0.4, 0.6]","(0.2, 0.3]","(-0.001, 0.2]",Sub-Saharan Africa
729,"(4.0, 4.5]","(0.4, 0.6]","(1.2, 1.4]","(0.2, 0.4]","(-0.001, 0.2]","(0.1, 0.2]","(-0.001, 0.2]",Sub-Saharan Africa
730,"(4.0, 4.5]","(0.2, 0.4]","(0.8, 1.0]","(0.2, 0.4]","(0.4, 0.6]","(0.2, 0.3]","(-0.001, 0.2]",Sub-Saharan Africa
731,"(4.0, 4.5]","(0.8, 1.0]","(0.4, 0.6]","(0.6, 0.8]","(0.2, 0.4]","(-0.001, 0.1]","(0.2, 0.4]",Commonwealth of Independent States
732,"(4.0, 4.5]","(0.8, 1.0]","(0.8, 1.0]","(0.6, 0.8]","(0.2, 0.4]","(-0.001, 0.1]","(-0.001, 0.2]",Commonwealth of Independent States
733,"(4.0, 4.5]","(0.6, 0.8]","(1.0, 1.2]","(0.4, 0.6]","(0.4, 0.6]","(0.5, 0.6]","(-0.001, 0.2]",Southeast Asia
734,"(4.0, 4.5]","(0.2, 0.4]","(0.8, 1.0]","(-0.001, 0.2]","(-0.001, 0.2]","(0.1, 0.2]","(-0.001, 0.2]",Sub-Saharan Africa
735,"(4.0, 4.5]","(-0.001, 0.2]","(1.0, 1.2]","(0.2, 0.4]","(0.2, 0.4]","(0.1, 0.2]","(-0.001, 0.2]",Sub-Saharan Africa
736,"(4.0, 4.5]","(0.6, 0.8]","(0.6, 0.8]","(0.4, 0.6]","(0.4, 0.6]","(0.1, 0.2]","(-0.001, 0.2]",South Asia
737,"(4.0, 4.5]","(-0.001, 0.2]","(0.8, 1.0]","(0.2, 0.4]","(0.2, 0.4]","(0.1, 0.2]","(-0.001, 0.2]",Sub-Saharan Africa
738,"(4.0, 4.5]","(0.2, 0.4]","(1.0, 1.2]","(0.2, 0.4]","(0.4, 0.6]","(0.2, 0.3]","(-0.001, 0.2]",Sub-Saharan Africa
739,"(4.0, 4.5]","(0.2, 0.4]","(0.2, 0.4]","(0.2, 0.4]","(0.4, 0.6]","(0.1, 0.2]","(-0.001, 0.2]",Sub-Saharan Africa
741,"(4.0, 4.5]","(0.6, 0.8]","(1.4, 1.6]","(0.6, 0.8]","(-0.001, 0.2]","(0.1, 0.2]","(-0.001, 0.2]",Commonwealth of Independent States
742,"(3.5, 4.0]","(0.2, 0.4]","(0.4, 0.6]","(0.2, 0.4]","(0.4, 0.6]","(0.1, 0.2]","(-0.001, 0.2]",Sub-Saharan Africa
743,"(3.5, 4.0]","(0.2, 0.4]","(0.6, 0.8]","(0.2, 0.4]","(0.2, 0.4]","(0.1, 0.2]","(-0.001, 0.2]",Sub-Saharan Africa
744,"(3.5, 4.0]","(0.4, 0.6]","(1.2, 1.4]","(-0.001, 0.2]","(0.4, 0.6]","(0.1, 0.2]","(-0.001, 0.2]",Sub-Saharan Africa
746,"(3.5, 4.0]","(0.2, 0.4]","(0.8, 1.0]","(0.4, 0.6]","(0.2, 0.4]","(0.1, 0.2]","(-0.001, 0.2]",Sub-Saharan Africa
747,"(3.5, 4.0]","(0.2, 0.4]","(1.0, 1.2]","(0.2, 0.4]","(0.4, 0.6]","(0.1, 0.2]","(-0.001, 0.2]",Sub-Saharan Africa
748,"(3.5, 4.0]","(0.2, 0.4]","(0.4, 0.6]","(0.2, 0.4]","(-0.001, 0.2]","(0.1, 0.2]","(-0.001, 0.2]",South Asia
749,"(3.5, 4.0]","(1.0, 1.2]","(1.0, 1.2]","(0.4, 0.6]","(0.4, 0.6]","(-0.001, 0.1]","(-0.001, 0.2]",Sub-Saharan Africa
750,"(3.5, 4.0]","(-0.001, 0.2]","(0.4, 0.6]","(0.2, 0.4]","(0.4, 0.6]","(0.2, 0.3]","(-0.001, 0.2]",Sub-Saharan Africa
751,"(3.5, 4.0]","(0.2, 0.4]","(0.6, 0.8]","(0.2, 0.4]","(-0.001, 0.2]","(0.3, 0.4]","(-0.001, 0.2]",Latin America and Caribbean
752,"(3.0, 3.5]","(-0.001, 0.2]","(0.8, 1.0]","(0.2, 0.4]","(0.4, 0.6]","(0.2, 0.3]","(-0.001, 0.2]",Sub-Saharan Africa
754,"(3.0, 3.5]","(0.2, 0.4]","(0.8, 1.0]","(0.2, 0.4]","(0.6, 0.8]","(0.1, 0.2]","(0.4, 0.6]",Sub-Saharan Africa
755,"(3.0, 3.5]","(0.4, 0.6]","(1.0, 1.2]","(0.2, 0.4]","(0.2, 0.4]","(-0.001, 0.1]","(-0.001, 0.2]",Middle East and North Africa
756,"(3.0, 3.5]","(0.4, 0.6]","(0.8, 1.0]","(0.2, 0.4]","(0.4, 0.6]","(0.2, 0.3]","(-0.001, 0.2]",Sub-Saharan Africa
757,"(3.0, 3.5]","(0.2, 0.4]","(0.6, 0.8]","(-0.001, 0.2]","(-0.001, 0.2]","(0.2, 0.3]","(-0.001, 0.2]",Sub-Saharan Africa
758,"(3.0, 3.5]","(-0.001, 0.2]","(-0.001, 0.2]","(-0.001, 0.2]","(0.2, 0.4]","(0.2, 0.3]","(-0.001, 0.2]",Sub-Saharan Africa
759,"(2.5, 3.0]","(-0.001, 0.2]","(0.6, 0.8]","(-0.001, 0.2]","(-0.001, 0.2]","(0.1, 0.2]","(-0.001, 0.2]",Sub-Saharan Africa
